Workbook
Name _Hlk109808432: ความก้าวหน้ารายสัปดาห์!$I$14
Name acX: OFFSET(แผนการก่อสร้าง!#REF!,0,0,1,แผนการก่อสร้าง!#REF!+1)
Name acX: OFFSET(#REF!,0,0,1,#REF!+1)
Name acY: OFFSET(แผนการก่อสร้าง!#REF!,0,0,1,แผนการก่อสร้าง!#REF!+1)
Name acY: OFFSET(#REF!,0,0,1,#REF!+1)
Name conc: #REF!
Name frmwk: #REF!
Name GTotal: แผนการก่อสร้าง!$J$113
Name GTotal: #REF!
Name knd: #REF!
Name steel: #REF!
Name wmk: #REF!

Sheet แผน - ผล ประจำสัปดาห์
H1: บันทึกข้อความ | N1: ระยะเวลาปัจจุบัน | Q1: ระยะเวลาเหลือ | R1: %
H2: รายงานผลการก่อสร้าง | N2: =M42 -> 257 | Q2: =840-N2 -> 583 | R2: =Q2*100/840 -> 69.404762
F3: โครงการพัฒนาพื้นที่ชุมชนหัวรอและพื้นที่ต่อเนื่อง ตำบลหัวรอ อำเภอเมืองพิษณุโลก จังหวัดพิษณุโลก | AA3: 2567 | AH3: 2568 | AT3: 2569 | BF3: 2570
D4: จากวันที่ | E4: ถึงวันที่ | F4: สัปดาห์ที่ | G4: แผนงาน % | H4: แผนงานสะสม % | I4: ผลงาน% | J4: ผลงานสะสม % | K4: ช้าเร็วกว่าแผน% | L4: ช้าเร็วกว่าแผน% สะสม | M4: จำนวนวันสะสม | N4: ระยะเวลาดำเนินการ % | O4: ระยะเวลาคงเหลือ | P4: ระยะเวลาคงเหลือ % | Q4: ระยะเวลาดำเนินการ ควบคุมงาน | R4: ระยะเวลาดำเนินการ ควบคุมงาน (%) | S4: เวลาคงเหลือควบคุมฯ | T4: เวลาคงเหลือควบคุมฯ% | U4: หมายเหตุ | Y4: เดือน | Z4: เริ่ม | AA4: ก.ค. | AC4: ส.ค. | AD4: ก.ย. | AE4: ต.ค. | AF4: พ.ย. | AG4: ธ.ค. | AH4: ม.ค. | AI4: ก.พ. | AJ4: มี.ค. | AK4: เม.ย. | AL4: พ.ค. | AM4: มิ.ย. | AN4: ก.ค. | AO4: ส.ค. | AP4: ก.ย. | AQ4: ต.ค. | AR4: พ.ย. | AS4: ธ.ค. | AT4: ม.ค. | AU4: ก.พ. | AV4: มี.ค. | AW4: เม.ย. | AX4: พ.ค. | AY4: มิ.ย. | AZ4: ก.ค | BA4: ส.ค | BB4: ก.ย | BC4: ต.ค | BD4: พ.ย | BE4: ธ.ค. | BF4: ม.ค. | BG4: ก.พ. | BH4: มี.ค. | BI4: เม.ย. | BJ4: พ.ค. | BK4: มิ.ย. | BL4: ก.ค.
C5: TRUE | D5: 45464 | E5: 45470 | F5: 1 | G5: 0 | H5: 0 | I5: 0 | J5: 0 | K5: 0 | L5: =J5-H5 -> 0 | M5: 0 | N5: =M5/1088 -> 0 | O5: =1088-M5 -> 1088 | P5: =O5/1088 -> 1 | Q5: =E5-$D$5+1 -> 7 | R5: =Q5/1118 -> 0.0062611807 | S5: =1118-Q5 -> 1111 | T5: =S5/1118 -> 0.99373882 | W5: แผนงานต่อเดือน | AA5: 0 | AB5: =แผนการก่อสร้าง!L117 -> 0 | AP5: 0.36514641 | AQ5: 0.36514641 | AR5: 1.5617668 | AS5: 1.6219558 | AT5: 1.5573495 | AU5: 1.6024596 | AV5: 4.1165885 | AW5: 3.5594028 | AX5: 3.1989546 | AY5: 4.104194 | AZ5: 5.0097645 | BA5: 5.2589438 | BB5: 5.7627798 | BC5: 7.256855 | BD5: 5.4825347 | BE5: 6.6180233 | BF5: 6.5010543 | BG5: 6.3366979 | BH5: 6.5156319 | BI5: 7.5636949 | BJ5: 5.0482848 | BK5: 5.6624084 | BL5: 4.9303623
C6: TRUE | D6: =D5+7 -> 45471 | E6: =E5+7 -> 45477 | F6: 2 | G6: 0 | H6: =G6+H5 -> 0 | I6: 0 | J6: =I6+J5 -> 0 | K6: 0 | L6: =J6-H6 -> 0 | M6: 0 | N6: =M6/1088 -> 0 | O6: =1088-M6 -> 1088 | P6: =O6/1088 -> 1 | Q6: =E6-$D$5+1 -> 14 | R6: =Q6/1118 -> 0.012522361 | S6: =1118-Q6 -> 1104 | T6: =S6/1118 -> 0.98747764 | W6: แผนงานสะสม | AA6: 0 | AB6: =แผนการก่อสร้าง!M119 -> 0 | AP6: =แผนการก่อสร้าง!AA119 -> 0.36514641 | AQ6: =แผนการก่อสร้าง!AB119 -> 0.73029281 | AR6: =แผนการก่อสร้าง!AC119 -> 2.2920596 | AS6: =แผนการก่อสร้าง!AD119 -> 3.9140154 | AT6: =แผนการก่อสร้าง!AE119 -> 5.4713649 | AU6: =แผนการก่อสร้าง!AF119 -> 7.0738245 | AV6: =แผนการก่อสร้าง!AG119 -> 11.190413 | AW6: =แผนการก่อสร้าง!AH119 -> 14.749816 | ... BL6: =แผนการก่อสร้าง!AW119 -> 100
C7: TRUE | D7: =D6+7 -> 45478 | E7: =E6+7 -> 45484 | F7: 3 | G7: 0 | H7: =G7+H6 -> 0 | I7: 0 | J7: =I7+J6 -> 0 | K7: 0 | L7: =J7-H7 -> 0 | M7: 0 | N7: =M7/1088 -> 0 | O7: =1088-M7 -> 1088 | P7: =O7/1088 -> 1 | Q7: =E7-$D$5+1 -> 21 | R7: =Q7/1118 -> 0.018783542 | S7: =1118-Q7 -> 1097 | T7: =S7/1118 -> 0.98121646 | W7: ผลงานต่อเดือน | AA7: 0 | AB7: =แผนการก่อสร้าง!M121 -> 0 | AC7: =แผนการก่อสร้าง!N121 -> 0.17176017 | AD7: =แผนการก่อสร้าง!O121 -> 0 | AE7: =แผนการก่อสร้าง!P121 -> 0 | AF7: =แผนการก่อสร้าง!Q121 -> 0 | AG7: =แผนการก่อสร้าง!R121 -> 0 | AH7: =แผนการก่อสร้าง!S121 -> 0 | AI7: =แผนการก่อสร้าง!T121 -> 0 | ... BL7: =แผนการก่อสร้าง!AW121 -> 0
C8: TRUE | D8: =D7+7 -> 45485 | E8: =E7+7 -> 45491 | F8: 4 | G8: 0 | H8: =G8+H7 -> 0 | I8: 0 | J8: =I8+J7 -> 0 | K8: 0 | L8: =J8-H8 -> 0 | M8: =E8-$E$8+1 -> 1 | N8: =M8/1088 -> 0.00091911765 | O8: =1088-M8 -> 1087 | P8: =O8/1088 -> 0.99908088 | Q8: =E8-$D$5+1 -> 28 | R8: =Q8/1118 -> 0.025044723 | S8: =1118-Q8 -> 1090 | T8: =S8/1118 -> 0.97495528 | W8: ผลงานสะสม | AA8: 0 | AB8: =แผนการก่อสร้าง!M123 -> 0 | AC8: =แผนการก่อสร้าง!N123 -> 0.17176017 | AD8: =แผนการก่อสร้าง!O123 -> 0.17176017 | AE8: =แผนการก่อสร้าง!P123 -> 0.17176017 | AF8: =แผนการก่อสร้าง!Q123 -> 0.17176017 | AG8: =แผนการก่อสร้าง!R123 -> 0.17176017 | AH8: =แผนการก่อสร้าง!S123 -> 0.17176017 | AI8: =แผนการก่อสร้าง!T123 -> 0.17176017 | ... BL8: =แผนการก่อสร้าง!AW123 -> 0
C9: TRUE | D9: =D8+7 -> 45492 | E9: =E8+7 -> 45498 | F9: 5 | G9: =7*AB5/AB9 -> 0 | H9: =G9+H8 -> 0 | I9: 0 | J9: =I9+J8 -> 0 | K9: =I9-G9 -> 0 | L9: =J9-H9 -> 0 | M9: =E9-$E$8+1 -> 8 | N9: =M9/1088 -> 0.0073529412 | O9: =1088-M9 -> 1080 | P9: =O9/1088 -> 0.99264706 | Q9: =E9-$D$5+1 -> 35 | R9: =Q9/1118 -> 0.031305903 | S9: =1118-Q9 -> 1083 | T9: =S9/1118 -> 0.9686941 | U9: ผู้รับจ้างเริ่มเข้างาน 18 กรกฎาคม 2567 | X9: จำนวนวัน | Z9: 0 | AA9: 18 | AB9: 13 | AC9: 31 | AD9: 30 | AE9: 31 | AF9: 30 | AG9: 31 | AH9: 31 | AI9: 28 | AJ9: 31 | AK9: 30 | AL9: 31 | AM9: 30 | AN9: 31 | AO9: 31 | AP9: 30 | AQ9: 31 | AR9: 30 | AS9: 31 | AT9: 31 | AU9: 28 | AV9: 31 | AW9: 30 | AX9: 31 | AY9: 30 | AZ9: 31 | BA9: 31 | BB9: 30 | BC9: 31 | BD9: 30 | BE9: 31 | BF9: 31 | BG9: 28 | BH9: 31 | BI9: 30 | BJ9: 31 | BK9: 30 | BL9: 10
C10: TRUE | D10: =D9+7 -> 45499 | E10: =E9+7 -> 45505 | F10: 6 | G10: =(6*AB5/AB9)+(1*AC5/AC9) -> 0 | H10: =G10+H9 -> 0 | I10: 0 | J10: =I10+J9 -> 0 | K10: =I10-G10 -> 0 | L10: =J10-H10 -> 0 | M10: =E10-$E$8+1 -> 15 | N10: =M10/1088 -> 0.013786765 | O10: =1088-M10 -> 1073 | P10: =O10/1088 -> 0.98621324 | Q10: =E10-$D$5+1 -> 42 | R10: =Q10/1118 -> 0.037567084 | S10: =1118-Q10 -> 1076 | T10: =S10/1118 -> 0.96243292
C11: TRUE | D11: 45505 | E11: =D11+6 -> 45511 | F11: 7 | G11: =(E11-D11)*$AC$5/$AC$9 -> 0 | H11: =G11+H10 -> 0 | I11: =((E11-D11+1)*$AC$7/$AC$9) -> 0.038784556 | J11: =I11+J10 -> 0.038784556 | K11: =I11-G11 -> 0.038784556 | L11: =J11-H11 -> 0.038784556 | M11: =E11-$E$8+1 -> 21 | N11: =M11/1088 -> 0.019301471 | O11: =1088-M11 -> 1067 | P11: =O11/1088 -> 0.98069853 | Q11: =E11-$D$5+1 -> 48 | R11: =Q11/1118 -> 0.04293381 | S11: =1118-Q11 -> 1070 | T11: =S11/1118 -> 0.95706619
C12: TRUE | D12: =D11+7 -> 45512 | E12: =D12+7 -> 45519 | F12: 8 | G12: =(E12-D12+1)*$AC$5/$AC$9 -> 0 | H12: =G12+H11 -> 0 | I12: =((E12-D12+1)*$AC$7/$AC$9) -> 0.044325206 | J12: =I12+J11 -> 0.083109762 | K12: =I12-G12 -> 0.044325206 | L12: =J12-H12 -> 0.083109762 | M12: =E12-$E$8+1 -> 29 | N12: =M12/1088 -> 0.026654412 | O12: =1088-M12 -> 1059 | P12: =O12/1088 -> 0.97334559 | Q12: =E12-$D$5+1 -> 56 | R12: =Q12/1118 -> 0.050089445 | S12: =1118-Q12 -> 1062 | T12: =S12/1118 -> 0.94991055
C13: TRUE | D13: =E12+1 -> 45520 | E13: =D13+7 -> 45527 | F13: 9 | G13: =(8)*$AC$5/$AC$9 -> 0 | H13: =G13+H12 -> 0 | I13: =((E13-D13+1)*$AC$7/$AC$9) -> 0.044325206 | J13: =I13+J12 -> 0.12743497 | K13: =I13-G13 -> 0.044325206 | L13: =J13-H13 -> 0.12743497 | M13: =E13-$E$8+1 -> 37 | N13: =M13/1088 -> 0.034007353 | O13: =1088-M13 -> 1051 | P13: =O13/1088 -> 0.96599265 | Q13: =E13-$D$5+1 -> 64 | R13: =Q13/1118 -> 0.057245081 | S13: =1118-Q13 -> 1054 | T13: =S13/1118 -> 0.94275492 | U13: แก้ไขจำนวนวันสะสม +1 วัน ลงวันที่ 16/09/2567
C14: TRUE | D14: =E13+1 -> 45528 | E14: =D14+7 -> 45535 | F14: 10 | G14: =(8)*$AC$5/$AC$9 -> 0 | H14: =G14+H13 -> 0 | I14: =((E14-D14+1)*$AC$7/$AC$9) -> 0.044325206 | J14: =I14+J13 -> 0.17176017 | K14: =I14-G14 -> 0.044325206 | L14: =J14-H14 -> 0.17176017 | M14: =E14-$E$8+1 -> 45 | N14: =M14/1088 -> 0.041360294 | O14: =1088-M14 -> 1043 | P14: =O14/1088 -> 0.95863971 | Q14: =E14-$D$5+1 -> 72 | R14: =Q14/1118 -> 0.064400716 | S14: =1118-Q14 -> 1046 | T14: =S14/1118 -> 0.93559928 | U14: ผลงานสัปดาห์ที่ 10 24-31 สิงหาคม ผลงานที่ 0.155
C15: TRUE | D15: 45536 | E15: =D15+6 -> 45542 | F15: 11 | G15: =(7*AD5/AD9) -> 0 | H15: =G15+H14 -> 0 | I15: =(7*AD7/AD9) -> 0 | J15: =I15+J14 -> 0.17176017 | K15: =I15-G15 -> 0 | L15: =J15-H15 -> 0.17176017 | M15: =E15-$E$8+1 -> 52 | N15: =M15/1088 -> 0.047794118 | O15: =1088-M15 -> 1036 | P15: =O15/1088 -> 0.95220588 | Q15: =E15-$D$5+1 -> 79 | R15: =Q15/1118 -> 0.070661896 | S15: =1118-Q15 -> 1039 | T15: =S15/1118 -> 0.9293381 | U15: ผลงานเดือนสิงหาคมวันที่ 31
C16: TRUE | D16: =D15+7 -> 45543 | E16: =E15+8 -> 45550 | F16: 12 | G16: =(8*AD5/AD9) -> 0 | H16: =G16+H15 -> 0 | I16: =(8*AD7/AD9) -> 0 | J16: =I16+J15 -> 0.17176017 | K16: =I16-G16 -> 0 | L16: =J16-H16 -> 0.17176017 | M16: =E16-$E$8+1 -> 60 | N16: =M16/1088 -> 0.055147059 | O16: =1088-M16 -> 1028 | P16: =O16/1088 -> 0.94485294 | Q16: =E16-$D$5+1 -> 87 | R16: =Q16/1118 -> 0.077817531 | S16: =1118-Q16 -> 1031 | T16: =S16/1118 -> 0.92218247 | U16: จะไม่ตรงกับสัปดาห์ของสิงหา | X16: ตารางคำนวณ แผน - ผลงาน เพื่อประชุม weekly
C17: TRUE | D17: =D16+8 -> 45551 | E17: =E16+8 -> 45558 | F17: 13 | G17: =(8*AD5/AD9) -> 0 | H17: =G17+H16 -> 0 | I17: =(8*AD7/AD9) -> 0 | J17: =I17+J16 -> 0.17176017 | K17: =I17-G17 -> 0 | L17: =J17-H17 -> 0.17176017 | M17: =E17-$E$8+1 -> 68 | N17: =M17/1088 -> 0.0625 | O17: =1088-M17 -> 1020 | P17: =O17/1088 -> 0.9375 | Q17: =E17-$D$5+1 -> 95 | R17: =Q17/1118 -> 0.084973166 | S17: =1118-Q17 -> 1023 | T17: =S17/1118 -> 0.91502683 | U17: เนื่องจากรายงานประจำเดือนมีการ | X17: จากวันที่ | Y17: ถึงวันที่ | Z17: แผนงาน % | AA17: %แผนงานสะสม | AB17: ผลงาน% | AC17: ผลงานสะสม% | AD17: ช้าเร็วกว่าแผนงาน | AE17: เร็วช้ากว่าแผนสะสม | AF17: จำนวนวันสะสม | AG17: ระยะเวลาดำเนินการ % | AH17: ระยะเวลาดำเนินการควบคุมงาน | AI17: ระยะเวลาดำเนินการควบคุมงาน % | AJ17: เวลาคงเหลือก่อสร้าง | AK17: เวลาคงเหลือ %
C18: TRUE | D18: =D17+8 -> 45559 | E18: =E17+7 -> 45565 | F18: 14 | G18: =(7*AD5/AD9) -> 0 | H18: =G18+H17 -> 0 | I18: =(7*AD7/AD9) -> 0 | J18: =I18+J17 -> 0.17176017 | K18: =I18-G18 -> 0 | L18: =J18-H18 -> 0.17176017 | M18: =E18-$E$8+1 -> 75 | N18: =M18/1088 -> 0.068933824 | O18: =1088-M18 -> 1013 | P18: =O18/1088 -> 0.93106618 | Q18: =E18-$D$5+1 -> 102 | R18: =Q18/1118 -> 0.091234347 | S18: =1118-Q18 -> 1016 | T18: =S18/1118 -> 0.90876565 | U18: ปรับให้เริ่มวันที่ 1-7,8-15,16-23,24-31 ตลอด | X18: =D20+8 -> 45581 | Y18: =E20+13 -> 45593 | Z18: =(Y18-D21+1)*$AE$5/$AE$9 -> 0 | AA18: =Z18+H20 -> 0 | AB18: =(Y18-X18+1)*$AE$7/$AE$9 -> 0 | AC18: =AB18+J20 -> 0.17176017 | AD18: =AB18-Z18 -> 0 | AE18: =AC18-AA18 -> 0.17176017 | AF18: =Y18-$E$8+1 -> 103 | AG18: =AF18/840 -> 0.12261905 | AH18: =Y18-$D$5+1 -> 130 | AI18: =AH18/870 -> 0.14942529 | AJ18: =870-AH18 -> 740 | AK18: =AJ18/870 -> 0.85057471
C19: TRUE | D19: =D18+7 -> 45566 | E19: =E18+7 -> 45572 | F19: 15 | G19: =(E19-D19+1)*$AE$5/$AE$9 -> 0 | H19: =G19+H18 -> 0 | I19: =(E19-D19+1)*$AE$7/$AE$9 -> 0 | J19: =I19+J18 -> 0.17176017 | K19: =I19-G19 -> 0 | L19: =J19-H19 -> 0.17176017 | M19: =E19-$E$8+1 -> 82 | N19: =M19/1088 -> 0.075367647 | O19: =1088-M19 -> 1006 | P19: =O19/1088 -> 0.92463235 | Q19: =E19-$D$5+1 -> 109 | R19: =Q19/1118 -> 0.097495528 | S19: =1118-Q19 -> 1009 | T19: =S19/1118 -> 0.90250447
C20: TRUE | D20: =D19+7 -> 45573 | E20: =E19+8 -> 45580 | F20: 16 | G20: =(E20-D20+1)*$AE$5/$AE$9 -> 0 | H20: =G20+H19 -> 0 | I20: =(E20-D20+1)*$AE$7/$AE$9 -> 0 | J20: =I20+J19 -> 0.17176017 | K20: =I20-G20 -> 0 | L20: =J20-H20 -> 0.17176017 | M20: =E20-$E$8+1 -> 90 | N20: =M20/1088 -> 0.082720588 | O20: =1088-M20 -> 998 | P20: =O20/1088 -> 0.91727941 | Q20: =E20-$D$5+1 -> 117 | R20: =Q20/1118 -> 0.10465116 | S20: =1118-Q20 -> 1001 | T20: =S20/1118 -> 0.89534884 | U20: ขยายระเวลาก่อสร้างออกไป 248 วัน
C21: TRUE | D21: =D20+8 -> 45581 | E21: =E20+8 -> 45588 | F21: 17 | G21: =(E21-D21+1)*$AE$5/$AE$9 -> 0 | H21: =G21+H20 -> 0 | I21: =(E21-D21+1)*$AE$7/$AE$9 -> 0 | J21: =I21+J20 -> 0.17176017 | K21: =I21-G21 -> 0 | L21: =J21-H21 -> 0.17176017 | M21: =E21-$E$8+1 -> 98 | N21: =M21/1088 -> 0.090073529 | O21: =1088-M21 -> 990 | P21: =O21/1088 -> 0.90992647 | Q21: =E21-$D$5+1 -> 125 | R21: =Q21/1118 -> 0.1118068 | S21: =1118-Q21 -> 993 | T21: =S21/1118 -> 0.8881932 | U21: ดังนั้นจึงขยายระยะเวลาควบคุมงานออกไป 248 วัน
C22: TRUE | D22: =D21+8 -> 45589 | E22: =E21+8 -> 45596 | F22: 18 | G22: =(E22-D22+1)*$AE$5/$AE$9 -> 0 | H22: =G22+H21 -> 0 | I22: =(E22-D22+1)*$AE$7/$AE$9 -> 0 | J22: =I22+J21 -> 0.17176017 | K22: =I22-G22 -> 0 | L22: =J22-H22 -> 0.17176017 | M22: =E22-$E$8+1 -> 106 | N22: =M22/1088 -> 0.097426471 | O22: =1088-M22 -> 982 | P22: =O22/1088 -> 0.90257353 | Q22: =E22-$D$5+1 -> 133 | R22: =Q22/1118 -> 0.11896243 | S22: =1118-Q22 -> 985 | T22: =S22/1118 -> 0.88103757
C23: TRUE | D23: =D22+8 -> 45597 | E23: =E22+7 -> 45603 | F23: 19 | G23: =(E23-D23+1)*$AF$5/$AF$9 -> 0 | H23: =G23+H22 -> 0 | I23: =(E23-D23+1)*$AF$7/$AF$9 -> 0 | J23: =I23+J22 -> 0.17176017 | K23: =I23-G23 -> 0 | L23: =J23-H23 -> 0.17176017 | M23: =E23-$E$8+1 -> 113 | N23: =M23/1088 -> 0.10386029 | O23: =1088-M23 -> 975 | P23: =O23/1088 -> 0.89613971 | Q23: =E23-$D$5+1 -> 140 | R23: =Q23/1118 -> 0.12522361 | S23: =1118-Q23 -> 978 | T23: =S23/1118 -> 0.87477639
C24: TRUE | D24: =D23+7 -> 45604 | E24: =E23+8 -> 45611 | F24: 20 | G24: =(E24-D24+1)*$AF$5/$AF$9 -> 0 | H24: =G24+H23 -> 0 | I24: =(E24-D24+1)*$AF$7/$AF$9 -> 0 | J24: =I24+J23 -> 0.17176017 | K24: =I24-G24 -> 0 | L24: =J24-H24 -> 0.17176017 | M24: =E24-$E$8+1 -> 121 | N24: =M24/1088 -> 0.11121324 | O24: =1088-M24 -> 967 | P24: =O24/1088 -> 0.88878676 | Q24: =E24-$D$5+1 -> 148 | R24: =Q24/1118 -> 0.13237925 | S24: =1118-Q24 -> 970 | T24: =S24/1118 -> 0.86762075 | AE24: ระยะเวลาก่อสร้างคงเหลือ | AF24: =840-AF18 -> 737
C25: TRUE | D25: =D24+8 -> 45612 | E25: =E24+8 -> 45619 | F25: 21 | G25: =(E25-D25+1)*$AF$5/$AF$9 -> 0 | H25: =G25+H24 -> 0 | I25: =(E25-D25+1)*$AF$7/$AF$9 -> 0 | J25: =I25+J24 -> 0.17176017 | K25: =I25-G25 -> 0 | L25: =J25-H25 -> 0.17176017 | M25: =E25-$E$8+1 -> 129 | N25: =M25/1088 -> 0.11856618 | O25: =1088-M25 -> 959 | P25: =O25/1088 -> 0.88143382 | Q25: =E25-$D$5+1 -> 156 | R25: =Q25/1118 -> 0.13953488 | S25: =1118-Q25 -> 962 | T25: =S25/1118 -> 0.86046512
C26: TRUE | D26: =D25+8 -> 45620 | E26: =E25+7 -> 45626 | F26: 22 | G26: =(E26-D26+1)*$AF$5/$AF$9 -> 0 | H26: =G26+H25 -> 0 | I26: =(E26-D26+1)*$AF$7/$AF$9 -> 0 | J26: =I26+J25 -> 0.17176017 | K26: =I26-G26 -> 0 | L26: =J26-H26 -> 0.17176017 | M26: =E26-$E$8+1 -> 136 | N26: =M26/1088 -> 0.125 | O26: =1088-M26 -> 952 | P26: =O26/1088 -> 0.875 | Q26: =E26-$D$5+1 -> 163 | R26: =Q26/1118 -> 0.14579606 | S26: =1118-Q26 -> 955 | T26: =S26/1118 -> 0.85420394
C27: TRUE | D27: =D26+7 -> 45627 | E27: =E26+7 -> 45633 | F27: 23 | G27: =(E27-D27+1)*$AG$5/$AG$9 -> 0 | H27: =G27+H26 -> 0 | I27: =(E27-D27+1)*$AG$7/$AG$9 -> 0 | J27: =I27+J26 -> 0.17176017 | K27: =I27-G27 -> 0 | L27: =J27-H27 -> 0.17176017 | M27: =E27-$E$8+1 -> 143 | N27: =M27/1088 -> 0.13143382 | O27: =1088-M27 -> 945 | P27: =O27/1088 -> 0.86856618 | Q27: =E27-$D$5+1 -> 170 | R27: =Q27/1118 -> 0.15205725 | S27: =1118-Q27 -> 948 | T27: =S27/1118 -> 0.84794275
C28: TRUE | D28: =D27+7 -> 45634 | E28: =E27+8 -> 45641 | F28: 24 | G28: =(E28-D28+1)*$AG$5/$AG$9 -> 0 | H28: =G28+H27 -> 0 | I28: =(E28-D28+1)*$AG$7/$AG$9 -> 0 | J28: =I28+J27 -> 0.17176017 | K28: =I28-G28 -> 0 | L28: =J28-H28 -> 0.17176017 | M28: =E28-$E$8+1 -> 151 | N28: =M28/1088 -> 0.13878676 | O28: =1088-M28 -> 937 | P28: =O28/1088 -> 0.86121324 | Q28: =E28-$D$5+1 -> 178 | R28: =Q28/1118 -> 0.15921288 | S28: =1118-Q28 -> 940 | T28: =S28/1118 -> 0.84078712
C29: TRUE | D29: =D28+8 -> 45642 | E29: =E28+8 -> 45649 | F29: 25 | G29: =(E29-D29+1)*$AG$5/$AG$9 -> 0 | H29: =G29+H28 -> 0 | I29: =(E29-D29+1)*$AG$7/$AG$9 -> 0 | J29: =I29+J28 -> 0.17176017 | K29: =I29-G29 -> 0 | L29: =J29-H29 -> 0.17176017 | M29: =E29-$E$8+1 -> 159 | N29: =M29/1088 -> 0.14613971 | O29: =1088-M29 -> 929 | P29: =O29/1088 -> 0.85386029 | Q29: =E29-$D$5+1 -> 186 | R29: =Q29/1118 -> 0.16636852 | S29: =1118-Q29 -> 932 | T29: =S29/1118 -> 0.83363148
C30: TRUE | D30: =D29+8 -> 45650 | E30: =E29+8 -> 45657 | F30: 26 | G30: =(E30-D30+1)*$AG$5/$AG$9 -> 0 | H30: =G30+H29 -> 0 | I30: =(E30-D30+1)*$AG$7/$AG$9 -> 0 | J30: =I30+J29 -> 0.17176017 | K30: =I30-G30 -> 0 | L30: =J30-H30 -> 0.17176017 | M30: =E30-$E$8+1 -> 167 | N30: =M30/1088 -> 0.15349265 | O30: =1088-M30 -> 921 | P30: =O30/1088 -> 0.84650735 | Q30: =E30-$D$5+1 -> 194 | R30: =Q30/1118 -> 0.17352415 | S30: =1118-Q30 -> 924 | T30: =S30/1118 -> 0.82647585
C31: TRUE | D31: =D30+8 -> 45658 | E31: =E30+7 -> 45664 | F31: 27 | G31: =(E31-D31+1)*$AH$5/$AH$9 -> 0 | H31: =G31+H30 -> 0 | I31: =(E31-D31+1)*$AH$7/$AH$9 -> 0 | J31: =I31+J30 -> 0.17176017 | K31: =I31-G31 -> 0 | L31: =J31-H31 -> 0.17176017 | M31: =E31-$E$8+1 -> 174 | N31: =M31/1088 -> 0.15992647 | O31: =1088-M31 -> 914 | P31: =O31/1088 -> 0.84007353 | Q31: =E31-$D$5+1 -> 201 | R31: =Q31/1118 -> 0.17978533 | S31: =1118-Q31 -> 917 | T31: =S31/1118 -> 0.82021467
C32: TRUE | D32: =D31+7 -> 45665 | E32: =E31+8 -> 45672 | F32: 28 | G32: =(E32-D32+1)*$AH$5/$AH$9 -> 0 | H32: =G32+H31 -> 0 | I32: =(E32-D32+1)*$AH$7/$AH$9 -> 0 | J32: =I32+J31 -> 0.17176017 | K32: =I32-G32 -> 0 | L32: =J32-H32 -> 0.17176017 | M32: =E32-$E$8+1 -> 182 | N32: =M32/1088 -> 0.16727941 | O32: =1088-M32 -> 906 | P32: =O32/1088 -> 0.83272059 | Q32: =E32-$D$5+1 -> 209 | R32: =Q32/1118 -> 0.18694097 | S32: =1118-Q32 -> 909 | T32: =S32/1118 -> 0.81305903
C33: TRUE | D33: =D32+8 -> 45673 | E33: =E32+8 -> 45680 | F33: 29 | G33: =(E33-D33+1)*$AH$5/$AH$9 -> 0 | H33: =G33+H32 -> 0 | I33: =(E33-D33+1)*$AH$7/$AH$9 -> 0 | J33: =I33+J32 -> 0.17176017 | K33: =I33-G33 -> 0 | L33: =J33-H33 -> 0.17176017 | M33: =E33-$E$8+1 -> 190 | N33: =M33/1088 -> 0.17463235 | O33: =1088-M33 -> 898 | P33: =O33/1088 -> 0.82536765 | Q33: =E33-$D$5+1 -> 217 | R33: =Q33/1118 -> 0.1940966 | S33: =1118-Q33 -> 901 | T33: =S33/1118 -> 0.8059034
C34: TRUE | D34: =D33+8 -> 45681 | E34: =E33+8 -> 45688 | F34: 30 | G34: =(E34-D34+1)*$AH$5/$AH$9 -> 0 | H34: =G34+H33 -> 0 | I34: =(E34-D34+1)*$AH$7/$AH$9 -> 0 | J34: =I34+J33 -> 0.17176017 | K34: =I34-G34 -> 0 | L34: =J34-H34 -> 0.17176017 | M34: =E34-$E$8+1 -> 198 | N34: =M34/1088 -> 0.18198529 | O34: =1088-M34 -> 890 | P34: =O34/1088 -> 0.81801471 | Q34: =E34-$D$5+1 -> 225 | R34: =Q34/1118 -> 0.20125224 | S34: =1118-Q34 -> 893 | T34: =S34/1118 -> 0.79874776
C35: TRUE | D35: =D34+8 -> 45689 | E35: =E34+7 -> 45695 | F35: 31 | G35: =(E35-D35+1)*$AI$5/$AI$9 -> 0 | H35: =G35+H34 -> 0 | I35: =(E35-D35+1)*$AI$7/$AI$9 -> 0 | J35: =I35+J34 -> 0.17176017 | K35: =I35-G35 -> 0 | L35: =J35-H35 -> 0.17176017 | M35: =E35-$E$8+1 -> 205 | N35: =M35/1088 -> 0.18841912 | O35: =1088-M35 -> 883 | P35: =O35/1088 -> 0.81158088 | Q35: =E35-$D$5+1 -> 232 | R35: =Q35/1118 -> 0.20751342 | S35: =1118-Q35 -> 886 | T35: =S35/1118 -> 0.79248658
C36: TRUE | D36: =D35+7 -> 45696 | E36: =E35+8 -> 45703 | F36: 32 | G36: =(E36-D36+1)*$AI$5/$AI$9 -> 0 | H36: =G36+H35 -> 0 | I36: =(E36-D36+1)*$AI$7/$AI$9 -> 0 | J36: =I36+J35 -> 0.17176017 | K36: =I36-G36 -> 0 | L36: =J36-H36 -> 0.17176017 | M36: =E36-$E$8+1 -> 213 | N36: =M36/1088 -> 0.19577206 | O36: =1088-M36 -> 875 | P36: =O36/1088 -> 0.80422794 | Q36: =E36-$D$5+1 -> 240 | R36: =Q36/1118 -> 0.21466905 | S36: =1118-Q36 -> 878 | T36: =S36/1118 -> 0.78533095
C37: TRUE | D37: =D36+8 -> 45704 | E37: =E36+8 -> 45711 | F37: 33 | G37: =(E37-D37+1)*$AI$5/$AI$9 -> 0 | H37: =G37+H36 -> 0 | I37: =(E37-D37+1)*$AI$7/$AI$9 -> 0 | J37: =I37+J36 -> 0.17176017 | K37: =I37-G37 -> 0 | L37: =J37-H37 -> 0.17176017 | M37: =E37-$E$8+1 -> 221 | N37: =M37/1088 -> 0.203125 | O37: =1088-M37 -> 867 | P37: =O37/1088 -> 0.796875 | Q37: =E37-$D$5+1 -> 248 | R37: =Q37/1118 -> 0.22182469 | S37: =1118-Q37 -> 870 | T37: =S37/1118 -> 0.77817531
C38: TRUE | D38: =D37+8 -> 45712 | E38: =E37+5 -> 45716 | F38: 34 | G38: =(E38-D38+1)*$AI$5/$AI$9 -> 0 | H38: =G38+H37 -> 0 | I38: =(E38-D38+1)*$AI$7/$AI$9 -> 0 | J38: =I38+J37 -> 0.17176017 | K38: =I38-G38 -> 0 | L38: =J38-H38 -> 0.17176017 | M38: =E38-$E$8+1 -> 226 | N38: =M38/1088 -> 0.20772059 | O38: =1088-M38 -> 862 | P38: =O38/1088 -> 0.79227941 | Q38: =E38-$D$5+1 -> 253 | R38: =Q38/1118 -> 0.22629696 | S38: =1118-Q38 -> 865 | T38: =S38/1118 -> 0.77370304
C39: TRUE | D39: =D38+5 -> 45717 | E39: =E38+7 -> 45723 | F39: 35 | G39: =(E39-D39+1)*$AJ$5/$AJ$9 -> 0 | H39: =G39+H38 -> 0 | I39: =(E39-D39+1)*$AJ$7/$AJ$9 -> 0 | J39: =I39+J38 -> 0.17176017 | K39: =I39-G39 -> 0 | L39: =J39-H39 -> 0.17176017 | M39: =E39-$E$8+1 -> 233 | N39: =M39/1088 -> 0.21415441 | O39: =1088-M39 -> 855 | P39: =O39/1088 -> 0.78584559 | Q39: =E39-$D$5+1 -> 260 | R39: =Q39/1118 -> 0.23255814 | S39: =1118-Q39 -> 858 | T39: =S39/1118 -> 0.76744186
C40: TRUE | D40: =D39+7 -> 45724 | E40: =E39+8 -> 45731 | F40: 36 | G40: =(E40-D40+1)*$AJ$5/$AJ$9 -> 0 | H40: =G40+H39 -> 0 | I40: =(E40-D40+1)*$AJ$7/$AJ$9 -> 0 | J40: =I40+J39 -> 0.17176017 | K40: =I40-G40 -> 0 | L40: =J40-H40 -> 0.17176017 | M40: =E40-$E$8+1 -> 241 | N40: =M40/1088 -> 0.22150735 | O40: =1088-M40 -> 847 | P40: =O40/1088 -> 0.77849265 | Q40: =E40-$D$5+1 -> 268 | R40: =Q40/1118 -> 0.23971377 | S40: =1118-Q40 -> 850 | T40: =S40/1118 -> 0.76028623
C41: TRUE | D41: =D40+8 -> 45732 | E41: =E40+8 -> 45739 | F41: 37 | G41: =(E41-D41+1)*$AJ$5/$AJ$9 -> 0 | H41: =G41+H40 -> 0 | I41: =(E41-D41+1)*$AJ$7/$AJ$9 -> 0 | J41: =I41+J40 -> 0.17176017 | K41: =I41-G41 -> 0 | L41: =J41-H41 -> 0.17176017 | M41: =E41-$E$8+1 -> 249 | N41: =M41/1088 -> 0.22886029 | O41: =1088-M41 -> 839 | P41: =O41/1088 -> 0.77113971 | Q41: =E41-$D$5+1 -> 276 | R41: =Q41/1118 -> 0.24686941 | S41: =1118-Q41 -> 842 | T41: =S41/1118 -> 0.75313059
C42: TRUE | D42: =D41+8 -> 45740 | E42: =E41+8 -> 45747 | F42: 38 | G42: =(E42-D42+1)*$AJ$5/$AJ$9 -> 0 | H42: =G42+H41 -> 0 | I42: =(E42-D42+1)*$AJ$7/$AJ$9 -> 0 | J42: =I42+J41 -> 0.17176017 | K42: =I42-G42 -> 0 | L42: =J42-H42 -> 0.17176017 | M42: =E42-$E$8+1 -> 257 | N42: =M42/1088 -> 0.23621324 | O42: =1088-M42 -> 831 | P42: =O42/1088 -> 0.76378676 | Q42: =E42-$D$5+1 -> 284 | R42: =Q42/1118 -> 0.25402504 | S42: =1118-Q42 -> 834 | T42: =S42/1118 -> 0.74597496
C43: TRUE | D43: =D42+8 -> 45748 | E43: =E42+7 -> 45754 | F43: 39 | G43: =(E43-D43+1)*$AK$5/$AK$9 -> 0 | H43: =G43+H42 -> 0 | I43: =(E43-D43+1)*$AK$7/$AK$9 -> 0 | J43: =I43+J42 -> 0.17176017 | K43: =I43-G43 -> 0 | L43: =J43-H43 -> 0.17176017 | M43: =E43-$E$8+1 -> 264 | N43: =M43/1088 -> 0.24264706 | O43: =1088-M43 -> 824 | P43: =O43/1088 -> 0.75735294 | Q43: =E43-$D$5+1 -> 291 | R43: =Q43/1118 -> 0.26028623 | S43: =1118-Q43 -> 827 | T43: =S43/1118 -> 0.73971377
C44: TRUE | D44: =D43+7 -> 45755 | E44: =E43+8 -> 45762 | F44: 40 | G44: =(E44-D44+1)*$AK$5/$AK$9 -> 0 | H44: =G44+H43 -> 0 | I44: =(E44-D44+1)*$AK$7/$AK$9 -> 0 | J44: =I44+J43 -> 0.17176017 | K44: =I44-G44 -> 0 | L44: =J44-H44 -> 0.17176017 | M44: =E44-$E$8+1 -> 272 | N44: =M44/1088 -> 0.25 | O44: =1088-M44 -> 816 | P44: =O44/1088 -> 0.75 | Q44: =E44-$D$5+1 -> 299 | R44: =Q44/1118 -> 0.26744186 | S44: =1118-Q44 -> 819 | T44: =S44/1118 -> 0.73255814
C45: TRUE | D45: =D44+8 -> 45763 | E45: =E44+8 -> 45770 | F45: 41 | G45: =(E45-D45+1)*$AK$5/$AK$9 -> 0 | H45: =G45+H44 -> 0 | I45: =(E45-D45+1)*$AK$7/$AK$9 -> 0 | J45: =I45+J44 -> 0.17176017 | K45: =I45-G45 -> 0 | L45: =J45-H45 -> 0.17176017 | M45: =E45-$E$8+1 -> 280 | N45: =M45/1088 -> 0.25735294 | O45: =1088-M45 -> 808 | P45: =O45/1088 -> 0.74264706 | Q45: =E45-$D$5+1 -> 307 | R45: =Q45/1118 -> 0.2745975 | S45: =1118-Q45 -> 811 | T45: =S45/1118 -> 0.7254025
C46: TRUE | D46: =D45+8 -> 45771 | E46: =E45+7 -> 45777 | F46: 42 | G46: =(E46-D46+1)*$AK$5/$AK$9 -> 0 | H46: =G46+H45 -> 0 | I46: =(E46-D46+1)*$AK$7/$AK$9 -> 0 | J46: =I46+J45 -> 0.17176017 | K46: =I46-G46 -> 0 | L46: =J46-H46 -> 0.17176017 | M46: =E46-$E$8+1 -> 287 | N46: =M46/1088 -> 0.26378676 | O46: =1088-M46 -> 801 | P46: =O46/1088 -> 0.73621324 | Q46: =E46-$D$5+1 -> 314 | R46: =Q46/1118 -> 0.28085868 | S46: =1118-Q46 -> 804 | T46: =S46/1118 -> 0.71914132
C47: TRUE | D47: =D46+7 -> 45778 | E47: =E46+7 -> 45784 | F47: 43 | G47: =(E47-D47+1)*$AL$5/$AL$9 -> 0 | H47: =G47+H46 -> 0 | I47: =(E47-D47+1)*$AL$7/$AL$9 -> 0 | J47: =I47+J46 -> 0.17176017 | K47: =I47-G47 -> 0 | L47: =J47-H47 -> 0.17176017 | M47: =E47-$E$8+1 -> 294 | N47: =M47/1088 -> 0.27022059 | O47: =1088-M47 -> 794 | P47: =O47/1088 -> 0.72977941 | Q47: =E47-$D$5+1 -> 321 | R47: =Q47/1118 -> 0.28711986 | S47: =1118-Q47 -> 797 | T47: =S47/1118 -> 0.71288014
C48: TRUE | D48: =D47+7 -> 45785 | E48: =E47+8 -> 45792 | F48: 44 | G48: =(E48-D48+1)*$AL$5/$AL$9 -> 0 | H48: =G48+H47 -> 0 | I48: =(E48-D48+1)*$AL$7/$AL$9 -> 0 | J48: =I48+J47 -> 0.17176017 | K48: =I48-G48 -> 0 | L48: =J48-H48 -> 0.17176017 | M48: =E48-$E$8+1 -> 302 | N48: =M48/1088 -> 0.27757353 | O48: =1088-M48 -> 786 | P48: =O48/1088 -> 0.72242647 | Q48: =E48-$D$5+1 -> 329 | R48: =Q48/1118 -> 0.29427549 | S48: =1118-Q48 -> 789 | T48: =S48/1118 -> 0.70572451
C49: TRUE | D49: =D48+8 -> 45793 | E49: =E48+8 -> 45800 | F49: 45 | G49: =(E49-D49+1)*$AL$5/$AL$9 -> 0 | H49: =G49+H48 -> 0 | I49: =(E49-D49+1)*$AL$7/$AL$9 -> 0 | J49: =I49+J48 -> 0.17176017 | K49: =I49-G49 -> 0 | L49: =J49-H49 -> 0.17176017 | M49: =E49-$E$8+1 -> 310 | N49: =M49/1088 -> 0.28492647 | O49: =1088-M49 -> 778 | P49: =O49/1088 -> 0.71507353 | Q49: =E49-$D$5+1 -> 337 | R49: =Q49/1118 -> 0.30143113 | S49: =1118-Q49 -> 781 | T49: =S49/1118 -> 0.69856887
C50: TRUE | D50: =D49+8 -> 45801 | E50: =E49+8 -> 45808 | F50: 46 | G50: =(E50-D50+1)*$AL$5/$AL$9 -> 0 | H50: =G50+H49 -> 0 | I50: =(E50-D50+1)*$AL$7/$AL$9 -> 0 | J50: =I50+J49 -> 0.17176017 | K50: =I50-G50 -> 0 | L50: =J50-H50 -> 0.17176017 | M50: =E50-$E$8+1 -> 318 | N50: =M50/1088 -> 0.29227941 | O50: =1088-M50 -> 770 | P50: =O50/1088 -> 0.70772059 | Q50: =E50-$D$5+1 -> 345 | R50: =Q50/1118 -> 0.30858676 | S50: =1118-Q50 -> 773 | T50: =S50/1118 -> 0.69141324
C51: TRUE | D51: =D50+8 -> 45809 | E51: =E50+7 -> 45815 | F51: 47 | G51: =(E51-D51+1)*$AM$5/$AM$9 -> 0 | H51: =G51+H50 -> 0 | I51: =(E51-D51+1)*$AM$7/$AM$9 -> 0 | J51: =I51+J50 -> 0.17176017 | K51: =I51-G51 -> 0 | L51: =J51-H51 -> 0.17176017 | M51: =E51-$E$8+1 -> 325 | N51: =M51/1088 -> 0.29871324 | O51: =1088-M51 -> 763 | P51: =O51/1088 -> 0.70128676 | Q51: =E51-$D$5+1 -> 352 | R51: =Q51/1118 -> 0.31484794 | S51: =1118-Q51 -> 766 | T51: =S51/1118 -> 0.68515206
C52: TRUE | D52: =D51+7 -> 45816 | E52: =E51+8 -> 45823 | F52: 48 | G52: =(E52-D52+1)*$AM$5/$AM$9 -> 0 | H52: =G52+H51 -> 0 | I52: =(E52-D52+1)*$AM$7/$AM$9 -> 0 | J52: =I52+J51 -> 0.17176017 | K52: =I52-G52 -> 0 | L52: =J52-H52 -> 0.17176017 | M52: =E52-$E$8+1 -> 333 | N52: =M52/1088 -> 0.30606618 | O52: =1088-M52 -> 755 | P52: =O52/1088 -> 0.69393382 | Q52: =E52-$D$5+1 -> 360 | R52: =Q52/1118 -> 0.32200358 | S52: =1118-Q52 -> 758 | T52: =S52/1118 -> 0.67799642
C53: TRUE | D53: =D52+8 -> 45824 | E53: =E52+8 -> 45831 | F53: 49 | G53: =(E53-D53+1)*$AM$5/$AM$9 -> 0 | H53: =G53+H52 -> 0 | I53: =(E53-D53+1)*$AM$7/$AM$9 -> 0 | J53: =I53+J52 -> 0.17176017 | K53: =I53-G53 -> 0 | L53: =J53-H53 -> 0.17176017 | M53: =E53-$E$8+1 -> 341 | N53: =M53/1088 -> 0.31341912 | O53: =1088-M53 -> 747 | P53: =O53/1088 -> 0.68658088 | Q53: =E53-$D$5+1 -> 368 | R53: =Q53/1118 -> 0.32915921 | S53: =1118-Q53 -> 750 | T53: =S53/1118 -> 0.67084079
C54: TRUE | D54: =D53+7 -> 45831 | E54: =E53+7 -> 45838 | F54: 50 | G54: =(E54-D54+1)*$AM$5/$AM$9 -> 0 | H54: =G54+H53 -> 0 | I54: =(E54-D54+1)*$AM$7/$AM$9 -> 0 | J54: =I54+J53 -> 0.17176017 | K54: =I54-G54 -> 0 | L54: =J54-H54 -> 0.17176017 | M54: =E54-$E$8+1 -> 348 | N54: =M54/1088 -> 0.31985294 | O54: =1088-M54 -> 740 | P54: =O54/1088 -> 0.68014706 | Q54: =E54-$D$5+1 -> 375 | R54: =Q54/1118 -> 0.33542039 | S54: =1118-Q54 -> 743 | T54: =S54/1118 -> 0.66457961
C55: TRUE | D55: =D54+8 -> 45839 | E55: =E54+7 -> 45845 | F55: 51 | G55: =(E55-D55+1)*$AN$5/$AN$9 -> 0 | H55: =G55+H54 -> 0 | I55: =(E55-D55+1)*$AN$7/$AN$9 -> 0 | J55: =I55+J54 -> 0.17176017 | K55: =I55-G55 -> 0 | L55: =J55-H55 -> 0.17176017 | M55: =E55-$E$8+1 -> 355 | N55: =M55/1088 -> 0.32628676 | O55: =1088-M55 -> 733 | P55: =O55/1088 -> 0.67371324 | Q55: =E55-$D$5+1 -> 382 | R55: =Q55/1118 -> 0.34168157 | S55: =1118-Q55 -> 736 | T55: =S55/1118 -> 0.65831843
C56: TRUE | D56: =D55+7 -> 45846 | E56: =E55+8 -> 45853 | F56: 52 | G56: =(E56-D56+1)*$AN$5/$AN$9 -> 0 | H56: =G56+H55 -> 0 | I56: =(E56-D56+1)*$AN$7/$AN$9 -> 0 | J56: =I56+J55 -> 0.17176017 | K56: =I56-G56 -> 0 | L56: =J56-H56 -> 0.17176017 | M56: =E56-$E$8+1 -> 363 | N56: =M56/1088 -> 0.33363971 | O56: =1088-M56 -> 725 | P56: =O56/1088 -> 0.66636029 | Q56: =E56-$D$5+1 -> 390 | R56: =Q56/1118 -> 0.34883721 | S56: =1118-Q56 -> 728 | T56: =S56/1118 -> 0.65116279
C57: TRUE | D57: =D56+8 -> 45854 | E57: =E56+8 -> 45861 | F57: 53 | G57: =(E57-D57+1)*$AN$5/$AN$9 -> 0 | H57: =G57+H56 -> 0 | I57: =(E57-D57+1)*$AN$7/$AN$9 -> 0 | J57: =I57+J56 -> 0.17176017 | K57: =I57-G57 -> 0 | L57: =J57-H57 -> 0.17176017 | M57: =E57-$E$8+1 -> 371 | N57: =M57/1088 -> 0.34099265 | O57: =1088-M57 -> 717 | P57: =O57/1088 -> 0.65900735 | Q57: =E57-$D$5+1 -> 398 | R57: =Q57/1118 -> 0.35599284 | S57: =1118-Q57 -> 720 | T57: =S57/1118 -> 0.64400716
C58: TRUE | D58: =D57+8 -> 45862 | E58: =E57+8 -> 45869 | F58: 54 | G58: =(E58-D58+1)*$AN$5/$AN$9 -> 0 | H58: =G58+H57 -> 0 | I58: =(E58-D58+1)*$AN$7/$AN$9 -> 0 | J58: =I58+J57 -> 0.17176017 | K58: =I58-G58 -> 0 | L58: =J58-H58 -> 0.17176017 | M58: =E58-$E$8+1 -> 379 | N58: =M58/1088 -> 0.34834559 | O58: =1088-M58 -> 709 | P58: =O58/1088 -> 0.65165441 | Q58: =E58-$D$5+1 -> 406 | R58: =Q58/1118 -> 0.36314848 | S58: =1118-Q58 -> 712 | T58: =S58/1118 -> 0.63685152
C59: TRUE | D59: =D58+8 -> 45870 | E59: =E58+7 -> 45876 | F59: 55 | G59: =(E59-D59+1)*$AO$5/$AO$9 -> 0 | H59: =G59+H58 -> 0 | I59: =(E59-D59+1)*$AO$7/$AO$9 -> 0 | J59: =I59+J58 -> 0.17176017 | K59: =I59-G59 -> 0 | L59: =J59-H59 -> 0.17176017 | M59: =E59-$E$8+1 -> 386 | N59: =M59/1088 -> 0.35477941 | O59: =1088-M59 -> 702 | P59: =O59/1088 -> 0.64522059 | Q59: =E59-$D$5+1 -> 413 | R59: =Q59/1118 -> 0.36940966 | S59: =1118-Q59 -> 705 | T59: =S59/1118 -> 0.63059034
C60: TRUE | D60: =D59+7 -> 45877 | E60: =E59+8 -> 45884 | F60: 56 | G60: =(E60-D60+1)*$AO$5/$AO$9 -> 0 | H60: =G60+H59 -> 0 | I60: =(E60-D60+1)*$AO$7/$AO$9 -> 0 | J60: =I60+J59 -> 0.17176017 | K60: =I60-G60 -> 0 | L60: =J60-H60 -> 0.17176017 | M60: =E60-$E$8+1 -> 394 | N60: =M60/1088 -> 0.36213235 | O60: =1088-M60 -> 694 | P60: =O60/1088 -> 0.63786765 | Q60: =E60-$D$5+1 -> 421 | R60: =Q60/1118 -> 0.3765653 | S60: =1118-Q60 -> 697 | T60: =S60/1118 -> 0.6234347
C61: TRUE | D61: =D60+8 -> 45885 | E61: =E60+8 -> 45892 | F61: 57 | G61: =(E61-D61+1)*$AO$5/$AO$9 -> 0 | H61: =G61+H60 -> 0 | I61: =(E61-D61+1)*$AO$7/$AO$9 -> 0 | J61: =I61+J60 -> 0.17176017 | K61: =I61-G61 -> 0 | L61: =J61-H61 -> 0.17176017 | M61: =E61-$E$8+1 -> 402 | N61: =M61/1088 -> 0.36948529 | O61: =1088-M61 -> 686 | P61: =O61/1088 -> 0.63051471 | Q61: =E61-$D$5+1 -> 429 | R61: =Q61/1118 -> 0.38372093 | S61: =1118-Q61 -> 689 | T61: =S61/1118 -> 0.61627907
C62: TRUE | D62: =D61+8 -> 45893 | E62: =E61+8 -> 45900 | F62: 58 | G62: =(E62-D62+1)*$AO$5/$AO$9 -> 0 | H62: =G62+H61 -> 0 | I62: =(E62-D62+1)*$AO$7/$AO$9 -> 0 | J62: =I62+J61 -> 0.17176017 | K62: =I62-G62 -> 0 | L62: =J62-H62 -> 0.17176017 | M62: =E62-$E$8+1 -> 410 | N62: =M62/1088 -> 0.37683824 | O62: =1088-M62 -> 678 | P62: =O62/1088 -> 0.62316176 | Q62: =E62-$D$5+1 -> 437 | R62: =Q62/1118 -> 0.39087657 | S62: =1118-Q62 -> 681 | T62: =S62/1118 -> 0.60912343
C63: TRUE | D63: =D62+8 -> 45901 | E63: =E62+7 -> 45907 | F63: 59 | G63: =(E63-D63+1)*$AP$5/$AP$9 -> 0.085200828 | H63: =G63+H62 -> 0.085200828 | I63: 0 | J63: =I63+J62 -> 0.17176017 | K63: =I63-G63 -> -0.085200828 | L63: =J63-H63 -> 0.086559347 | M63: =E63-$E$8+1 -> 417 | N63: =M63/1088 -> 0.38327206 | O63: =1088-M63 -> 671 | P63: =O63/1088 -> 0.61672794 | Q63: =E63-$D$5+1 -> 444 | R63: =Q63/1118 -> 0.39713775 | S63: =1118-Q63 -> 674 | T63: =S63/1118 -> 0.60286225
C64: TRUE | D64: =D63+7 -> 45908 | E64: =E63+8 -> 45915 | F64: 60 | G64: =(E64-D64+1)*$AP$5/$AP$9 -> 0.097372375 | H64: =G64+H63 -> 0.1825732 | I64: 2.912 | J64: =I64+J63 -> 3.0837602 | K64: =I64-G64 -> 2.8146276 | L64: =J64-H64 -> 2.901187 | M64: =E64-$E$8+1 -> 425 | N64: =M64/1088 -> 0.390625 | O64: =1088-M64 -> 663 | P64: =O64/1088 -> 0.609375 | Q64: =E64-$D$5+1 -> 452 | R64: =Q64/1118 -> 0.40429338 | S64: =1118-Q64 -> 666 | T64: =S64/1118 -> 0.59570662
C65: TRUE | D65: =D64+8 -> 45916 | E65: =E64+8 -> 45923 | F65: 61 | G65: =(E65-D65+1)*$AP$5/$AP$9 -> 0.097372375 | H65: =G65+H64 -> 0.27994558 | I65: =AP7-I64 -> 10.115384 | J65: =I65+J64 -> 13.199144 | K65: =I65-G65 -> 10.018012 | L65: =J65-H65 -> 12.919199 | M65: =E65-$E$8+1 -> 433 | N65: =M65/1088 -> 0.39797794 | O65: =1088-M65 -> 655 | P65: =O65/1088 -> 0.60202206 | Q65: =E65-$D$5+1 -> 460 | R65: =Q65/1118 -> 0.41144902 | S65: =1118-Q65 -> 658 | T65: =S65/1118 -> 0.58855098
C66: TRUE | D66: =D65+8 -> 45924 | E66: =E65+7 -> 45930 | F66: 62 | G66: =(E66-D66+1)*$AP$5/$AP$9 -> 0.085200828 | H66: =G66+H65 -> 0.36514641 | I66: 0 | J66: =I66+J65 -> 13.199144 | K66: =I66-G66 -> -0.085200828 | L66: =J66-H66 -> 12.833998 | M66: =E66-$E$8+1 -> 440 | N66: =M66/1088 -> 0.40441176 | O66: =1088-M66 -> 648 | P66: =O66/1088 -> 0.59558824 | Q66: =E66-$D$5+1 -> 467 | R66: =Q66/870 -> 0.53678161 | S66: =870-Q66 -> 403 | T66: =S66/870 -> 0.46321839
C67: TRUE | D67: =D66+7 -> 45931 | E67: =E66+7 -> 45937 | F67: 63 | G67: =(E67-D67+1)*$AQ$5/$AQ$9 -> 0.082452414 | H67: =G67+H66 -> 0.44759882 | I67: =(E67-D67+1)*$AQ$7/$AQ$9 -> 1.6170568 | J67: =I67+J66 -> 14.816201 | K67: =I67-G67 -> 1.5346044 | L67: =J67-H67 -> 14.368602 | M67: =E67-$E$8+1 -> 447 | N67: =M67/1088 -> 0.41084559 | O67: =1088-M67 -> 641 | P67: =O67/1088 -> 0.58915441 | Q67: =E67-$D$5+1 -> 474 | R67: =Q67/1118 -> 0.42397138 | S67: =1118-Q67 -> 644 | T67: =S67/1118 -> 0.57602862
C68: TRUE | D68: =D67+7 -> 45938 | E68: =E67+8 -> 45945 | F68: 64 | G68: =(E68-D68+1)*$AQ$5/$AQ$9 -> 0.094231331 | H68: =G68+H67 -> 0.54183015 | I68: =(E68-D68+1)*$AQ$7/$AQ$9 -> 1.8480649 | J68: =I68+J67 -> 16.664266 | K68: =I68-G68 -> 1.7538336 | L68: =J68-H68 -> 16.122436 | M68: =E68-$E$8+1 -> 455 | N68: =M68/1088 -> 0.41819853 | O68: =1088-M68 -> 633 | P68: =O68/1088 -> 0.58180147 | Q68: =E68-$D$5+1 -> 482 | R68: =Q68/1118 -> 0.43112701 | S68: =1118-Q68 -> 636 | T68: =S68/1118 -> 0.56887299
C69: TRUE | D69: =D68+8 -> 45946 | E69: =E68+8 -> 45953 | F69: 65 | G69: =(E69-D69+1)*$AQ$5/$AQ$9 -> 0.094231331 | H69: =G69+H68 -> 0.63606148 | I69: =(E69-D69+1)*$AQ$7/$AQ$9 -> 1.8480649 | J69: =I69+J68 -> 18.512331 | K69: =I69-G69 -> 1.7538336 | L69: =J69-H69 -> 17.87627 | M69: =E69-$E$8+1 -> 463 | N69: =M69/1088 -> 0.42555147 | O69: =1088-M69 -> 625 | P69: =O69/1088 -> 0.57444853 | Q69: =E69-$D$5+1 -> 490 | R69: =Q69/1118 -> 0.43828265 | S69: =1118-Q69 -> 628 | T69: =S69/1118 -> 0.56171735
C70: TRUE | D70: =D69+8 -> 45954 | E70: =E69+8 -> 45961 | F70: 66 | G70: =(E70-D70+1)*$AQ$5/$AQ$9 -> 0.094231331 | H70: =G70+H69 -> 0.73029281 | I70: =(E70-D70+1)*$AQ$7/$AQ$9 -> 1.8480649 | J70: =I70+J69 -> 20.360396 | K70: =I70-G70 -> 1.7538336 | L70: =J70-H70 -> 19.630103 | M70: =E70-$E$8+1 -> 471 | N70: =M70/1088 -> 0.43290441 | O70: =1088-M70 -> 617 | P70: =O70/1088 -> 0.56709559 | Q70: =E70-$D$5+1 -> 498 | R70: =Q70/1118 -> 0.44543828 | S70: =1118-Q70 -> 620 | T70: =S70/1118 -> 0.55456172
C71: TRUE | D71: =D70+8 -> 45962 | E71: =E70+7 -> 45968 | F71: 67 | G71: =(E71-D71+1)*$AR$5/$AR$9 -> 0.36441226 | H71: =G71+H70 -> 1.0947051 | I71: =(E71-D71+1)*$AR$7/$AR$9 -> 0 | J71: =I71+J70 -> 20.360396 | K71: =I71-G71 -> -0.36441226 | L71: =J71-H71 -> 19.265691 | M71: =E71-$E$8+1 -> 478 | N71: =M71/1088 -> 0.43933824 | O71: =1088-M71 -> 610 | P71: =O71/1088 -> 0.56066176 | Q71: =E71-$D$5+1 -> 505 | R71: =Q71/1118 -> 0.45169946 | S71: =1118-Q71 -> 613 | T71: =S71/1118 -> 0.54830054
C72: TRUE | D72: =D71+7 -> 45969 | E72: =E71+8 -> 45976 | F72: 68 | G72: =(E72-D72+1)*$AR$5/$AR$9 -> 0.41647115 | H72: =G72+H71 -> 1.5111762 | I72: =(E72-D72+1)*$AR$7/$AR$9 -> 0 | J72: =I72+J71 -> 20.360396 | K72: =I72-G72 -> -0.41647115 | L72: =J72-H72 -> 18.84922 | M72: =E72-$E$8+1 -> 486 | N72: =M72/1088 -> 0.44669118 | O72: =1088-M72 -> 602 | P72: =O72/1088 -> 0.55330882 | Q72: =E72-$D$5+1 -> 513 | R72: =Q72/1118 -> 0.4588551 | S72: =1118-Q72 -> 605 | T72: =S72/1118 -> 0.5411449
C73: TRUE | D73: =D72+8 -> 45977 | E73: =E72+8 -> 45984 | F73: 69 | G73: =(E73-D73+1)*$AR$5/$AR$9 -> 0.41647115 | H73: =G73+H72 -> 1.9276474 | I73: =(E73-D73+1)*$AR$7/$AR$9 -> 0 | J73: =I73+J72 -> 20.360396 | K73: =I73-G73 -> -0.41647115 | L73: =J73-H73 -> 18.432749 | M73: =E73-$E$8+1 -> 494 | N73: =M73/1088 -> 0.45404412 | O73: =1088-M73 -> 594 | P73: =O73/1088 -> 0.54595588 | Q73: =E73-$D$5+1 -> 521 | R73: =Q73/1118 -> 0.46601073 | S73: =1118-Q73 -> 597 | T73: =S73/1118 -> 0.53398927
C74: TRUE | D74: =D73+8 -> 45985 | E74: =E73+7 -> 45991 | F74: 70 | G74: =(E74-D74+1)*$AR$5/$AR$9 -> 0.36441226 | H74: =G74+H73 -> 2.2920596 | I74: =(E74-D74+1)*$AR$7/$AR$9 -> 0 | J74: =I74+J73 -> 20.360396 | K74: =I74-G74 -> -0.36441226 | L74: =J74-H74 -> 18.068336 | M74: =E74-$E$8+1 -> 501 | N74: =M74/1088 -> 0.46047794 | O74: =1088-M74 -> 587 | P74: =O74/1088 -> 0.53952206 | Q74: =E74-$D$5+1 -> 528 | R74: =Q74/1118 -> 0.47227191 | S74: =1118-Q74 -> 590 | T74: =S74/1118 -> 0.52772809
C75: TRUE | D75: =D74+7 -> 45992 | E75: =E74+7 -> 45998 | F75: 71 | G75: =(E75-D75+1)*$AS$5/$AS$9 -> 0.36624808 | H75: =G75+H74 -> 2.6583077 | I75: =(E75-D75+1)*$AS$7/$AS$9 -> 0 | J75: =I75+J74 -> 20.360396 | K75: =I75-G75 -> -0.36624808 | L75: =J75-H75 -> 17.702088 | M75: =E75-$E$8+1 -> 508 | N75: =M75/1088 -> 0.46691176 | O75: =1088-M75 -> 580 | P75: =O75/1088 -> 0.53308824 | Q75: =E75-$D$5+1 -> 535 | R75: =Q75/1118 -> 0.47853309 | S75: =1118-Q75 -> 583 | T75: =S75/1118 -> 0.52146691
C76: TRUE | D76: =D75+7 -> 45999 | E76: =E75+8 -> 46006 | F76: 72 | G76: =(E76-D76+1)*$AS$5/$AS$9 -> 0.41856923 | H76: =G76+H75 -> 3.0768769 | I76: =(E76-D76+1)*$AS$7/$AS$9 -> 0 | J76: =I76+J75 -> 20.360396 | K76: =I76-G76 -> -0.41856923 | L76: =J76-H76 -> 17.283519 | M76: =E76-$E$8+1 -> 516 | N76: =M76/1088 -> 0.47426471 | O76: =1088-M76 -> 572 | P76: =O76/1088 -> 0.52573529 | Q76: =E76-$D$5+1 -> 543 | R76: =Q76/1118 -> 0.48568873 | S76: =1118-Q76 -> 575 | T76: =S76/1118 -> 0.51431127
C77: TRUE | D77: =D76+8 -> 46007 | E77: =E76+8 -> 46014 | F77: 73 | G77: =(E77-D77+1)*$AS$5/$AS$9 -> 0.41856923 | H77: =G77+H76 -> 3.4954462 | I77: =(E77-D77+1)*$AS$7/$AS$9 -> 0 | J77: =I77+J76 -> 20.360396 | K77: =I77-G77 -> -0.41856923 | L77: =J77-H77 -> 16.86495 | M77: =E77-$E$8+1 -> 524 | N77: =M77/1088 -> 0.48161765 | O77: =1088-M77 -> 564 | P77: =O77/1088 -> 0.51838235 | Q77: =E77-$D$5+1 -> 551 | R77: =Q77/1118 -> 0.49284436 | S77: =1118-Q77 -> 567 | T77: =S77/1118 -> 0.50715564
C78: TRUE | D78: =D77+8 -> 46015 | E78: =E77+8 -> 46022 | F78: 74 | G78: =(E78-D78+1)*$AS$5/$AS$9 -> 0.41856923 | H78: =G78+H77 -> 3.9140154 | I78: =(E78-D78+1)*$AS$7/$AS$9 -> 0 | J78: =I78+J77 -> 20.360396 | K78: =I78-G78 -> -0.41856923 | L78: =J78-H78 -> 16.446381 | M78: =E78-$E$8+1 -> 532 | N78: =M78/1088 -> 0.48897059 | O78: =1088-M78 -> 556 | P78: =O78/1088 -> 0.51102941 | Q78: =E78-$D$5+1 -> 559 | R78: =Q78/1118 -> 0.5 | S78: =1118-Q78 -> 559 | T78: =S78/1118 -> 0.5
C79: TRUE | D79: =D78+8 -> 46023 | E79: =E78+7 -> 46029 | F79: 75 | G79: =(E79-D79+1)*$AT$5/$AT$9 -> 0.35165957 | H79: =G79+H78 -> 4.2656749 | I79: =(E79-D79+1)*$AT$7/$AT$9 -> 0 | J79: =I79+J78 -> 20.360396 | K79: =I79-G79 -> -0.35165957 | L79: =J79-H79 -> 16.094721 | M79: =E79-$E$8+1 -> 539 | N79: =M79/1088 -> 0.49540441 | O79: =1088-M79 -> 549 | P79: =O79/1088 -> 0.50459559 | Q79: =E79-$D$5+1 -> 566 | R79: =Q79/1118 -> 0.50626118 | S79: =1118-Q79 -> 552 | T79: =S79/1118 -> 0.49373882
C80: TRUE | D80: =D79+7 -> 46030 | E80: =E79+8 -> 46037 | F80: 76 | G80: =(E80-D80+1)*$AT$5/$AT$9 -> 0.40189665 | H80: =G80+H79 -> 4.6675716 | I80: =(E80-D80+1)*$AT$7/$AT$9 -> 0 | J80: =I80+J79 -> 20.360396 | K80: =I80-G80 -> -0.40189665 | L80: =J80-H80 -> 15.692824 | M80: =E80-$E$8+1 -> 547 | N80: =M80/1088 -> 0.50275735 | O80: =1088-M80 -> 541 | P80: =O80/1088 -> 0.49724265 | Q80: =E80-$D$5+1 -> 574 | R80: =Q80/1118 -> 0.51341682 | S80: =1118-Q80 -> 544 | T80: =S80/1118 -> 0.48658318
C81: TRUE | D81: =D80+8 -> 46038 | E81: =E80+8 -> 46045 | F81: 77 | G81: =(E81-D81+1)*$AT$5/$AT$9 -> 0.40189665 | H81: =G81+H80 -> 5.0694682 | I81: =(E81-D81+1)*$AT$7/$AT$9 -> 0 | J81: =I81+J80 -> 20.360396 | K81: =I81-G81 -> -0.40189665 | L81: =J81-H81 -> 15.290928 | M81: =E81-$E$8+1 -> 555 | N81: =M81/1088 -> 0.51011029 | O81: =1088-M81 -> 533 | P81: =O81/1088 -> 0.48988971 | Q81: =E81-$D$5+1 -> 582 | R81: =Q81/1118 -> 0.52057245 | S81: =1118-Q81 -> 536 | T81: =S81/1118 -> 0.47942755
C82: TRUE | D82: =D81+8 -> 46046 | E82: =E81+8 -> 46053 | F82: 78 | G82: =(E82-D82+1)*$AT$5/$AT$9 -> 0.40189665 | H82: =G82+H81 -> 5.4713649 | I82: =(E82-D82+1)*$AT$7/$AT$9 -> 0 | J82: =I82+J81 -> 20.360396 | K82: =I82-G82 -> -0.40189665 | L82: =J82-H82 -> 14.889031 | M82: =E82-$E$8+1 -> 563 | N82: =M82/1088 -> 0.51746324 | O82: =1088-M82 -> 525 | P82: =O82/1088 -> 0.48253676 | Q82: =E82-$D$5+1 -> 590 | R82: =Q82/1118 -> 0.52772809 | S82: =1118-Q82 -> 528 | T82: =S82/1118 -> 0.47227191
C83: TRUE | D83: =D82+8 -> 46054 | E83: =E82+7 -> 46060 | F83: 79 | G83: =(E83-D83+1)*$AU$5/$AU$9 -> 0.4006149 | H83: =G83+H82 -> 5.8719798 | I83: =(E83-D83+1)*$AU$7/$AU$9 -> 0 | J83: =I83+J82 -> 20.360396 | K83: =I83-G83 -> -0.4006149 | L83: =J83-H83 -> 14.488416 | M83: =E83-$E$8+1 -> 570 | N83: =M83/1088 -> 0.52389706 | O83: =1088-M83 -> 518 | P83: =O83/1088 -> 0.47610294 | Q83: =E83-$D$5+1 -> 597 | R83: =Q83/1118 -> 0.53398927 | S83: =1118-Q83 -> 521 | T83: =S83/1118 -> 0.46601073
C84: TRUE | D84: =D83+7 -> 46061 | E84: =E83+8 -> 46068 | F84: 80 | G84: =(E84-D84+1)*$AU$5/$AU$9 -> 0.45784561 | H84: =G84+H83 -> 6.3298254 | I84: =(E84-D84+1)*$AS$7/$AS$9 -> 0 | J84: =I84+J83 -> 20.360396 | K84: =I84-G84 -> -0.45784561 | L84: =J84-H84 -> 14.030571 | M84: =E84-$E$8+1 -> 578 | N84: =M84/1088 -> 0.53125 | O84: =1088-M84 -> 510 | P84: =O84/1088 -> 0.46875 | Q84: =E84-$D$5+1 -> 605 | R84: =Q84/1118 -> 0.5411449 | S84: =1118-Q84 -> 513 | T84: =S84/1118 -> 0.4588551
C85: TRUE | D85: =D84+8 -> 46069 | E85: =E84+8 -> 46076 | F85: 81 | G85: =(E85-D85+1)*$AU$5/$AU$9 -> 0.45784561 | H85: =G85+H84 -> 6.787671 | I85: =(E85-D85+1)*$AS$7/$AS$9 -> 0 | J85: =I85+J84 -> 20.360396 | K85: =I85-G85 -> -0.45784561 | L85: =J85-H85 -> 13.572725 | M85: =E85-$E$8+1 -> 586 | N85: =M85/1088 -> 0.53860294 | O85: =1088-M85 -> 502 | P85: =O85/1088 -> 0.46139706 | Q85: =E85-$D$5+1 -> 613 | R85: =Q85/1118 -> 0.54830054 | S85: =1118-Q85 -> 505 | T85: =S85/1118 -> 0.45169946
C86: TRUE | D86: =D85+8 -> 46077 | E86: =E85+5 -> 46081 | F86: 82 | G86: =(E86-D86+1)*$AU$5/$AU$9 -> 0.2861535 | H86: =G86+H85 -> 7.0738245 | I86: =(E86-D86+1)*$AS$7/$AS$9 -> 0 | J86: =I86+J85 -> 20.360396 | K86: =I86-G86 -> -0.2861535 | L86: =J86-H86 -> 13.286571 | M86: =E86-$E$8+1 -> 591 | N86: =M86/1088 -> 0.54319853 | O86: =1088-M86 -> 497 | P86: =O86/1088 -> 0.45680147 | Q86: =E86-$D$5+1 -> 618 | R86: =Q86/1118 -> 0.55277281 | S86: =1118-Q86 -> 500 | T86: =S86/1118 -> 0.44722719
C87: TRUE | D87: =D86+5 -> 46082 | E87: =E86+7 -> 46088 | F87: 83 | G87: =(E87-D87+1)*$AV$5/$AV$9 -> 0.92955223 | H87: =G87+H86 -> 8.0033767 | I87: 0 | J87: =I87+J86 -> 20.360396 | K87: =I87-G87 -> -0.92955223 | L87: =J87-H87 -> 12.357019 | M87: =E87-$E$8+1 -> 598 | N87: =M87/1088 -> 0.54963235 | O87: =1088-M87 -> 490 | P87: =O87/1088 -> 0.45036765 | Q87: =E87-$D$5+1 -> 625 | R87: =Q87/1118 -> 0.55903399 | S87: =1118-Q87 -> 493 | T87: =S87/1118 -> 0.44096601
C88: TRUE | D88: =D87+7 -> 46089 | E88: =E87+8 -> 46096 | F88: 84 | G88: =(E88-D88+1)*$AV$5/$AV$9 -> 1.0623454 | H88: =G88+H87 -> 9.0657222 | I88: 0 | J88: =I88+J87 -> 20.360396 | K88: =I88-G88 -> -1.0623454 | L88: =J88-H88 -> 11.294674 | M88: =E88-$E$8+1 -> 606 | N88: =M88/1088 -> 0.55698529 | O88: =1088-M88 -> 482 | P88: =O88/1088 -> 0.44301471 | Q88: =E88-$D$5+1 -> 633 | R88: =Q88/1118 -> 0.56618962 | S88: =1118-Q88 -> 485 | T88: =S88/1118 -> 0.43381038
A89: ให้ผลงาน | C89: TRUE | D89: =D88+8 -> 46097 | E89: =E88+8 -> 46104 | F89: 85 | G89: =(E89-D89+1)*$AV$5/$AV$9 -> 1.0623454 | H89: =G89+H88 -> 10.128068 | I89: 2.784 | J89: =I89+J88 -> 23.144396 | K89: =I89-G89 -> 1.7216546 | L89: =J89-H89 -> 13.016328 | M89: =E89-$E$8+1 -> 614 | N89: =M89/1088 -> 0.56433824 | O89: =1088-M89 -> 474 | P89: =O89/1088 -> 0.43566176 | Q89: =E89-$D$5+1 -> 641 | R89: =Q89/1118 -> 0.57334526 | S89: =1118-Q89 -> 477 | T89: =S89/1118 -> 0.42665474
C90: TRUE | D90: =D89+8 -> 46105 | E90: =E89+8 -> 46112 | F90: 86 | G90: =(E90-D90+1)*$AV$5/$AV$9 -> 1.0623454 | H90: =G90+H89 -> 11.190413 | I90: 0 | J90: =I90+J89 -> 23.144396 | K90: =I90-G90 -> -1.0623454 | L90: =J90-H90 -> 11.953983 | M90: =E90-$E$8+1 -> 622 | N90: =M90/1088 -> 0.57169118 | O90: =1088-M90 -> 466 | P90: =O90/1088 -> 0.42830882 | Q90: =E90-$D$5+1 -> 649 | R90: =Q90/1118 -> 0.58050089 | S90: =1118-Q90 -> 469 | T90: =S90/1118 -> 0.41949911
C91: TRUE | D91: =D90+8 -> 46113 | E91: =E90+7 -> 46119 | F91: 87 | G91: =(E91-D91+1)*$AW$5/$AW$9 -> 0.83052731 | H91: =G91+H90 -> 12.02094 | I91: =(E91-D91+1)*$AS$7/$AS$9 -> 0 | J91: =I91+J90 -> 23.144396 | K91: =I91-G91 -> -0.83052731 | L91: =J91-H91 -> 11.123456 | M91: =E91-$E$8+1 -> 629 | N91: =M91/1088 -> 0.578125 | O91: =1088-M91 -> 459 | P91: =O91/1088 -> 0.421875 | Q91: =E91-$D$5+1 -> 656 | R91: =Q91/1118 -> 0.58676208 | S91: =1118-Q91 -> 462 | T91: =S91/1118 -> 0.41323792
C92: FALSE | D92: =D91+7 -> 46120 | E92: =E91+8 -> 46127 | F92: 88 | G92: =(E92-D92+1)*$AW$5/$AW$9 -> 0.94917407 | H92: =G92+H91 -> 12.970114 | I92: =(E92-D92+1)*$AS$7/$AS$9 -> 0 | J92: =I92+J91 -> 23.144396 | K92: =I92-G92 -> -0.94917407 | L92: =J92-H92 -> 10.174282 | M92: =E92-$E$8+1 -> 637 | N92: =M92/1088 -> 0.58547794 | O92: =1088-M92 -> 451 | P92: =O92/1088 -> 0.41452206 | Q92: =E92-$D$5+1 -> 664 | R92: =Q92/1118 -> 0.59391771 | S92: =1118-Q92 -> 454 | T92: =S92/1118 -> 0.40608229
C93: FALSE | D93: =D92+8 -> 46128 | E93: =E92+8 -> 46135 | F93: 89 | G93: =(E93-D93+1)*$AW$5/$AW$9 -> 0.94917407 | H93: =G93+H92 -> 13.919288 | I93: =(E93-D93+1)*$AS$7/$AS$9 -> 0 | J93: =I93+J92 -> 23.144396 | K93: =I93-G93 -> -0.94917407 | L93: =J93-H93 -> 9.2251076 | M93: =E93-$E$8+1 -> 645 | N93: =M93/1088 -> 0.59283088 | O93: =1088-M93 -> 443 | P93: =O93/1088 -> 0.40716912 | Q93: =E93-$D$5+1 -> 672 | R93: =Q93/1118 -> 0.60107335 | S93: =1118-Q93 -> 446 | T93: =S93/1118 -> 0.39892665
C94: FALSE | D94: =D93+8 -> 46136 | E94: =E93+7 -> 46142 | F94: 90 | G94: =(E94-D94+1)*$AW$5/$AW$9 -> 0.83052731 | H94: =G94+H93 -> 14.749816 | I94: =(E94-D94+1)*$AS$7/$AS$9 -> 0 | J94: =I94+J93 -> 23.144396 | K94: =I94-G94 -> -0.83052731 | L94: =J94-H94 -> 8.3945803 | M94: =E94-$E$8+1 -> 652 | N94: =M94/1088 -> 0.59926471 | O94: =1088-M94 -> 436 | P94: =O94/1088 -> 0.40073529 | Q94: =E94-$D$5+1 -> 679 | R94: =Q94/1118 -> 0.60733453 | S94: =1118-Q94 -> 439 | T94: =S94/1118 -> 0.39266547
C95: FALSE | D95: =D94+7 -> 46143 | E95: =E94+7 -> 46149 | F95: 91 | G95: =(E95-D95+1)*$AX$5/$AX$9 -> 0.72234458 | H95: =G95+H94 -> 15.47216 | I95: =(E95-D95+1)*$AS$7/$AS$9 -> 0 | J95: =I95+J94 -> 23.144396 | K95: =I95-G95 -> -0.72234458 | L95: =J95-H95 -> 7.6722357 | M95: =E95-$E$8+1 -> 659 | N95: =M95/1088 -> 0.60569853 | O95: =1088-M95 -> 429 | P95: =O95/1088 -> 0.39430147 | Q95: =E95-$D$5+1 -> 686 | R95: =Q95/1118 -> 0.61359571 | S95: =1118-Q95 -> 432 | T95: =S95/1118 -> 0.38640429
C96: FALSE | D96: =D95+7 -> 46150 | E96: =E95+8 -> 46157 | F96: 92 | G96: =(E96-D96+1)*$AX$5/$AX$9 -> 0.82553666 | H96: =G96+H95 -> 16.297697 | I96: =(E96-D96+1)*$AS$7/$AS$9 -> 0 | J96: =I96+J95 -> 23.144396 | K96: =I96-G96 -> -0.82553666 | L96: =J96-H96 -> 6.846699 | M96: =E96-$E$8+1 -> 667 | N96: =M96/1088 -> 0.61305147 | O96: =1088-M96 -> 421 | P96: =O96/1088 -> 0.38694853 | Q96: =E96-$D$5+1 -> 694 | R96: =Q96/1118 -> 0.62075134 | S96: =1118-Q96 -> 424 | T96: =S96/1118 -> 0.37924866
C97: FALSE | D97: =D96+8 -> 46158 | E97: =E96+8 -> 46165 | F97: 93 | G97: =(E97-D97+1)*$AX$5/$AX$9 -> 0.82553666 | H97: =G97+H96 -> 17.123234 | I97: =(E97-D97+1)*$AS$7/$AS$9 -> 0 | J97: =I97+J96 -> 23.144396 | K97: =I97-G97 -> -0.82553666 | L97: =J97-H97 -> 6.0211623 | M97: =E97-$E$8+1 -> 675 | N97: =M97/1088 -> 0.62040441 | O97: =1088-M97 -> 413 | P97: =O97/1088 -> 0.37959559 | Q97: =E97-$D$5+1 -> 702 | R97: =Q97/1118 -> 0.62790698 | S97: =1118-Q97 -> 416 | T97: =S97/1118 -> 0.37209302
C98: FALSE | D98: =D97+8 -> 46166 | E98: =E97+8 -> 46173 | F98: 94 | G98: =(E98-D98+1)*$AX$5/$AX$9 -> 0.82553666 | H98: =G98+H97 -> 17.94877 | I98: =(E98-D98+1)*$AS$7/$AS$9 -> 0 | J98: =I98+J97 -> 23.144396 | K98: =I98-G98 -> -0.82553666 | L98: =J98-H98 -> 5.1956257 | M98: =E98-$E$8+1 -> 683 | N98: =M98/1088 -> 0.62775735 | O98: =1088-M98 -> 405 | P98: =O98/1088 -> 0.37224265 | Q98: =E98-$D$5+1 -> 710 | R98: =Q98/1118 -> 0.63506261 | S98: =1118-Q98 -> 408 | T98: =S98/1118 -> 0.36493739
C99: FALSE | D99: =D98+8 -> 46174 | E99: =E98+7 -> 46180 | F99: 95 | G99: =(E99-D99+1)*$AY$5/$AY$9 -> 0.95764528 | H99: =G99+H98 -> 18.906416 | I99: =(E99-D99+1)*$AS$7/$AS$9 -> 0 | J99: =I99+J98 -> 23.144396 | K99: =I99-G99 -> -0.95764528 | L99: =J99-H99 -> 4.2379804 | M99: =E99-$E$8+1 -> 690 | N99: =M99/1088 -> 0.63419118 | O99: =1088-M99 -> 398 | P99: =O99/1088 -> 0.36580882 | Q99: =E99-$D$5+1 -> 717 | R99: =Q99/1118 -> 0.64132379 | S99: =1118-Q99 -> 401 | T99: =S99/1118 -> 0.35867621
C100: FALSE | D100: =D99+7 -> 46181 | E100: =E99+8 -> 46188 | F100: 96 | G100: =(E100-D100+1)*$AY$5/$AY$9 -> 1.0944517 | H100: =G100+H99 -> 20.000867 | I100: =(E100-D100+1)*$AS$7/$AS$9 -> 0 | J100: =I100+J99 -> 23.144396 | K100: =I100-G100 -> -1.0944517 | L100: =J100-H100 -> 3.1435287 | M100: =E100-$E$8+1 -> 698 | N100: =M100/1088 -> 0.64154412 | O100: =1088-M100 -> 390 | P100: =O100/1088 -> 0.35845588 | Q100: =E100-$D$5+1 -> 725 | R100: =Q100/1118 -> 0.64847943 | S100: =1118-Q100 -> 393 | T100: =S100/1118 -> 0.35152057
...

Sheet ผลweekly
B3: ที่ | C3: งานที่ดำเนินการ | D3: สัดส่วนของงาน (%) | E3: ผลงาน % | G3: หมายเหตุ
E4: สะสมสัปดาห์ก่อน | F4: สะสมสัปดาห์นี้
B5: 1 | C5: งานเขื่อนป้องกันตลิ่ง
B6: 1.1 | C6: งานเขื่อนป้องกันตลิ่ง แบบที่ 1 | D6: 2.134 | E6: ='ผลงานรายสัปดาห์(%)'!L7*D6/100 -> 0.15401586 | F6: ='ผลงานรายสัปดาห์(%)'!M7*D6/100 -> 0.15401586
B7: (1) | C7: งานคาน | D7: 0.902 | E7: ='ผลงานรายสัปดาห์(%)'!L9*D7/100 -> 0 | F7: ='ผลงานรายสัปดาห์(%)'!M9*D7/100 -> 0
B8: (2) | C8: งานกำแพง w15 + บันได | D8: 0.38 | E8: ='ผลงานรายสัปดาห์(%)'!L11*D8/100 -> 0 | F8: ='ผลงานรายสัปดาห์(%)'!M11*D8/100 -> 0
B9: (3) | C9: งานราวกันตก | D9: 0.575 | E9: ='ผลงานรายสัปดาห์(%)'!L13*D9/100 -> 0 | F9: ='ผลงานรายสัปดาห์(%)'!M13*D9/100 -> 0
B10: (4) | C10: งานวัสดุปูพื้น | D10: 0.331 | E10: ='ผลงานรายสัปดาห์(%)'!L15*D10/100 -> 0 | F10: ='ผลงานรายสัปดาห์(%)'!M15*D10/100 -> 0
B11: 1.2 | C11: งานเขื่อนป้องกันตลิ่ง แบบที่ 2 | D11: 2.098 | E11: ='ผลงานรายสัปดาห์(%)'!L17*D11/100 -> 0.0072919553 | F11: ='ผลงานรายสัปดาห์(%)'!M17*D11/100 -> 0.0072919553
B12: (1) | C12: งานคาน | D12: 0.476 | E12: ='ผลงานรายสัปดาห์(%)'!L19*D12/100 -> 0 | F12: ='ผลงานรายสัปดาห์(%)'!M19*D12/100 -> 0
B13: (2) | C13: งานบันได | D13: 0.222 | E13: ='ผลงานรายสัปดาห์(%)'!L21*D13/100 -> 0 | F13: ='ผลงานรายสัปดาห์(%)'!M21*D13/100 -> 0
B14: (3) | C14: งานราวกันตก | D14: 0.067 | E14: ='ผลงานรายสัปดาห์(%)'!L23*D14/100 -> 0 | F14: ='ผลงานรายสัปดาห์(%)'!M23*D14/100 -> 0
B15: 1.3 | C15: งานเขื่อนป้องกันตลิ่ง แบบที่ 1 | D15: 1.79 | E15: ='ผลงานรายสัปดาห์(%)'!L25*D15/100 -> 1.1600984 | F15: ='ผลงานรายสัปดาห์(%)'!M25*D15/100 -> 1.1600984
B16: (1) | C16: งานคาน | D16: 0.877 | E16: ='ผลงานรายสัปดาห์(%)'!L27*D16/100 -> 0 | F16: ='ผลงานรายสัปดาห์(%)'!M27*D16/100 -> 0
B17: (2) | C17: งานบันได | D17: 0.37 | E17: ='ผลงานรายสัปดาห์(%)'!L29*D17/100 -> 0 | F17: ='ผลงานรายสัปดาห์(%)'!M29*D17/100 -> 0
B18: (3) | C18: งานราวกันตก | D18: 0.564 | E18: ='ผลงานรายสัปดาห์(%)'!L31*D18/100 -> 0 | F18: ='ผลงานรายสัปดาห์(%)'!M31*D18/100 -> 0
B19: (4) | C19: งานวัสดุปูพื้น | D19: 0.439 | E19: ='ผลงานรายสัปดาห์(%)'!L33*D19/100 -> 0 | F19: ='ผลงานรายสัปดาห์(%)'!M33*D19/100 -> 0
B20: 1.4 | C20: งานเขื่อนป้องกันตลิ่ง แบบที่ 4 ช่วงที่ 1 | D20: 1.185 | E20: ='ผลงานรายสัปดาห์(%)'!L35*D20/100 -> 0.63598537 | F20: ='ผลงานรายสัปดาห์(%)'!M35*D20/100 -> 0.63598537
B21: (1) | C21: งานคาน | D21: 0.133 | E21: ='ผลงานรายสัปดาห์(%)'!L37*D21/100 -> 0 | F21: ='ผลงานรายสัปดาห์(%)'!M37*D21/100 -> 0
B22: (2) | C22: งานราวกันตก และ งานระบายน้ำหลังเขื่อน | D22: 0.11 | E22: ='ผลงานรายสัปดาห์(%)'!L39*D22/100 -> 0 | F22: ='ผลงานรายสัปดาห์(%)'!M39*D22/100 -> 0
B23: 1.5 | C23: งานเขื่อนป้องกันตลิ่ง แบบที่ 4 ช่วงที่ 2 | D23: 1.332 | E23: ='ผลงานรายสัปดาห์(%)'!L41*D23/100 -> 0.72448767 | F23: ='ผลงานรายสัปดาห์(%)'!M41*D23/100 -> 0.72448767
B24: (1) | C24: งานคาน | D24: 0.15 | E24: ='ผลงานรายสัปดาห์(%)'!L43*D24/100 -> 0 | F24: ='ผลงานรายสัปดาห์(%)'!M43*D24/100 -> 0
B25: (2) | C25: งานราวกันตก และ งานระบายน้ำหลังเขื่อน | D25: 0.124 | E25: ='ผลงานรายสัปดาห์(%)'!L45*D25/100 -> 0 | F25: ='ผลงานรายสัปดาห์(%)'!M45*D25/100 -> 0
B26: 1.6 | C26: งานเขื่อนป้องกันตลิ่ง แบบที่ 5 | D26: 1.393 | E26: ='ผลงานรายสัปดาห์(%)'!L47*D26/100 -> 1.1474849 | F26: ='ผลงานรายสัปดาห์(%)'!M47*D26/100 -> 1.1474849
B27: (1) | C27: งานคาน | D27: 0.15 | E27: ='ผลงานรายสัปดาห์(%)'!L49*D27/100 -> 0 | F27: ='ผลงานรายสัปดาห์(%)'!M49*D27/100 -> 0
B28: (2) | C28: งานราวกันตก และ งานระบายน้ำหลังเขื่อน | D28: 0.124 | E28: ='ผลงานรายสัปดาห์(%)'!L51*D28/100 -> 0 | F28: ='ผลงานรายสัปดาห์(%)'!M51*D28/100 -> 0
B29: 1.7 | C29: งานเขื่อนป้องกันตลิ่ง แบบที่ 5 (มีผิวจราจรด้านหลังเขื่อน) | D29: 6.105 | E29: ='ผลงานรายสัปดาห์(%)'!L53*D29/100 -> 2.6226942 | F29: ='ผลงานรายสัปดาห์(%)'!M53*D29/100 -> 2.6226942
B30: (1) | C30: งานคาน | D30: 0.679 | E30: ='ผลงานรายสัปดาห์(%)'!L55*D30/100 -> 0 | F30: ='ผลงานรายสัปดาห์(%)'!M55*D30/100 -> 0
B31: (2) | C31: งานราวกันตก และ งานระบายน้ำหลังเขื่อน | D31: 0.562 | E31: ='ผลงานรายสัปดาห์(%)'!L57*D31/100 -> 0 | F31: ='ผลงานรายสัปดาห์(%)'!M57*D31/100 -> 0
B32: 1.8 | C32: งานเขื่อนป้องกันตลิ่ง แบบที่ 5 ช่วง | D32: 6.781 | E32: ='ผลงานรายสัปดาห์(%)'!L59*D32/100 -> 1.3520873 | F32: ='ผลงานรายสัปดาห์(%)'!M59*D32/100 -> 1.3520873
B33: (1) | C33: งานคาน | D33: 0.767 | E33: ='ผลงานรายสัปดาห์(%)'!L61*D33/100 -> 0 | F33: ='ผลงานรายสัปดาห์(%)'!M61*D33/100 -> 0
B34: (2) | C34: งานราวกันตก และ งานระบายน้ำหลังเขื่อน | D34: 0.897 | E34: ='ผลงานรายสัปดาห์(%)'!L63*D34/100 -> 0 | F34: ='ผลงานรายสัปดาห์(%)'!M63*D34/100 -> 0
B35: 1.9 | C35: งานเขื่อนป้องกันตลิ่ง แบบที่ 6 ช่วงที่ 1 | D35: 0.144 | E35: ='ผลงานรายสัปดาห์(%)'!L65*D35/100 -> 0 | F35: ='ผลงานรายสัปดาห์(%)'!M65*D35/100 -> 0
B36: 1.10 | C36: งานเขื่อนป้องกันตลิ่ง แบบที่ 6 ช่วงที่ 2 | D36: 0.672 | E36: ='ผลงานรายสัปดาห์(%)'!L67*D36/100 -> 0 | F36: ='ผลงานรายสัปดาห์(%)'!M67*D36/100 -> 0
B37: 1.11 | C37: งานเขื่อนป้องกันตลิ่ง แบบที่ 6 ช่วงที่ 3 | D37: 0.14 | E37: ='ผลงานรายสัปดาห์(%)'!L69*D37/100 -> 0 | F37: ='ผลงานรายสัปดาห์(%)'!M69*D37/100 -> 0
B38: 1.12 | C38: งานเขื่อนป้องกันตลิ่ง แบบที่ 7 | D38: 0.67 | E38: ='ผลงานรายสัปดาห์(%)'!L71*D38/100 -> 0 | F38: ='ผลงานรายสัปดาห์(%)'!M71*D38/100 -> 0
B39: 2 | C39: งานปรับปรุงภูมิทัศน์
B40: 2.1 | C40: งานปรับปรุงภูมิทัศน์บริเวณลานทางเข้าเทศบาลฯ | D40: 1.383 | E40: ='ผลงานรายสัปดาห์(%)'!L75*D40/100 -> 0 | F40: ='ผลงานรายสัปดาห์(%)'!M75*D40/100 -> 0
B41: 2.2 | C41: งานปรับปรุงทางปั่นจักรยาน ริมเขื่อนป้องกันตลิ่งฯ | D41: 9.531 | E41: ='ผลงานรายสัปดาห์(%)'!L77*D41/100 -> 0.014978458 | F41: ='ผลงานรายสัปดาห์(%)'!M77*D41/100 -> 0.014978458
B42: 3 | C42: งานทาง
B43: 3.1 | C43: งานถนนสาย F ช่วงที่ 1 | D43: 8.629 | E43: ='ผลงานรายสัปดาห์(%)'!L81*D43/100 -> 1.4004643 | F43: ='ผลงานรายสัปดาห์(%)'!M81*D43/100 -> 1.4004643
B44: 3.2 | C44: งานถนนสาย F ช่วงที่ 2 | D44: 7.474 | E44: ='ผลงานรายสัปดาห์(%)'!L83*D44/100 -> 2.0169095 | F44: ='ผลงานรายสัปดาห์(%)'!M83*D44/100 -> 2.0169095
B45: 3.3 | C45: งานถนนสาย F ช่วงที่ 3 | D45: 10.385 | E45: ='ผลงานรายสัปดาห์(%)'!L85*D45/100 -> 2.2389415 | F45: ='ผลงานรายสัปดาห์(%)'!M85*D45/100 -> 2.2389415
B46: 3.4 | C46: งานถนนสาย G | D46: 0.945 | E46: ='ผลงานรายสัปดาห์(%)'!L87*D46/100 -> 0 | F46: ='ผลงานรายสัปดาห์(%)'!M87*D46/100 -> 0
B47: 3.5 | C47: งานถนนสาย H | D47: 0.782 | E47: ='ผลงานรายสัปดาห์(%)'!L89*D47/100 -> 0 | F47: ='ผลงานรายสัปดาห์(%)'!M89*D47/100 -> 0
B48: 3.6 | C48: งานถนนสาย D | D48: 6.461 | E48: ='ผลงานรายสัปดาห์(%)'!L91*D48/100 -> 5.0024873 | F48: ='ผลงานรายสัปดาห์(%)'!M91*D48/100 -> 5.0024873
B49: 3.7 | C49: งานถนนสาย B | D49: 6.292 | E49: ='ผลงานรายสัปดาห์(%)'!L93*D49/100 -> 1.0523521 | F49: ='ผลงานรายสัปดาห์(%)'!M93*D49/100 -> 1.0523521
B50: 3.8 | C50: งานถนนสาย E | D50: 10.97 | E50: ='ผลงานรายสัปดาห์(%)'!L95*D50/100 -> 3.6142368 | F50: ='ผลงานรายสัปดาห์(%)'!M95*D50/100 -> 3.6142368
B51: 3.9 | C51: งานถนนสาย J | D51: 0.637 | E51: ='ผลงานรายสัปดาห์(%)'!L97*D51/100 -> 0 | F51: ='ผลงานรายสัปดาห์(%)'!M97*D51/100 -> 0
B52: 3.10 | C52: งานปรับปรุงยกระดับฝาท่อระบายน้ำ | D52: 1.858 | E52: ='ผลงานรายสัปดาห์(%)'!L99*D52/100 -> 0 | F52: ='ผลงานรายสัปดาห์(%)'!M99*D52/100 -> 0
B53: 4 | C53: งานเครื่องจักรและอุปกรณ์และงานอื่นๆ
B54: 4.1 | C54: งานเครื่องสูบน้ำ พร้อมอุปกรณ์ | D54: 1.065 | E54: ='ผลงานรายสัปดาห์(%)'!L103*D54/100 -> 0 | F54: ='ผลงานรายสัปดาห์(%)'!M103*D54/100 -> 0
B55: 5 | C55: ค่าใช้จ่ายพิเศษ งานก่อสร้าง
B56: 5.1 | C56: ค่าใช้จ่ายพิเศษ งานก่อสร้าง | D56: 0.241 | E56: ='ผลงานรายสัปดาห์(%)'!L107*D56/100 -> 0 | F56: ='ผลงานรายสัปดาห์(%)'!M107*D56/100 -> 0
C57: รวม | D57: =SUM(D6:D56) -> 99.996 | E57: =SUM(E6:E56) -> 23.144516 | F57: =SUM(F6:F56) -> 23.144516

Sheet แผนการก่อสร้าง
A7: ลำดับ | B7: รายการ | C7: หน่วย | D7: ปริมาณ | E7: แผนงาน | F7: % | G7: ผลงาน | H7: % | I7: ราคาต่อหน่วย | J7: จำนวนเงิน | K7: % | L7: พ.ศ. 2567 | S7: พ.ศ. 2568 | AE7: พ.ศ. 2569 | AQ7: พ.ศ. 2570 | BM7: พ.ศ. 2567 | BT7: พ.ศ. 2568 | CF7: พ.ศ. 2569 | CR7: พ.ศ. 2570 | DB7: Sum%
A8: ที่ | I8: (บาท) | J8: (บาท) | L8: ก.ค. | N8: ส.ค. | O8: ก.ย. | P8: ต.ค. | Q8: พ.ย. | R8: ธ.ค. | S8: ม.ค. | T8: ก.พ. | U8: มี.ค. | V8: เม.ย. | W8: พ.ค. | X8: มิ.ย. | Y8: ก.ค. | Z8: ส.ค. | AA8: ก.ย. | AB8: ต.ค. | AC8: พ.ย. | AD8: ธ.ค. | AE8: ม.ค. | AF8: ก.พ. | AG8: มี.ค. | AH8: เม.ย. | AI8: พ.ค. | AJ8: มิ.ย. | AK8: ก.ค | AL8: ส.ค | AM8: ก.ย | AN8: ต.ค | AO8: พ.ย | AP8: ธ.ค. | AQ8: ม.ค. | AR8: ก.พ. | AS8: มี.ค. | AT8: เม.ย. | AU8: พ.ค. | AV8: มิ.ย. | AW8: ก.ค. | BM8: ก.ค. | BO8: ส.ค. | BP8: ก.ย. | BQ8: ต.ค. | BR8: พ.ย. | BS8: ธ.ค. | BT8: ม.ค. | BU8: ก.พ. | BV8: มี.ค. | BW8: เม.ย. | BX8: พ.ค. | BY8: มิ.ย. | BZ8: ก.ค. | CA8: ส.ค. | CB8: ก.ย. | CC8: ต.ค. | CD8: พ.ย. | CE8: ธ.ค. | CF8: ม.ค. | CG8: ก.พ. | CH8: มี.ค. | CI8: เม.ย. | CJ8: พ.ค. | CK8: มิ.ย. | CL8: ก.ค | CM8: ส.ค | CN8: ก.ย | CO8: ต.ค | CP8: พ.ย. | CQ8: ธ.ค. | CR8: ม.ค. | CS8: ก.พ. | CT8: มี.ค. | CU8: เม.ย. | CV8: พ.ค. | CW8: มิ.ย. | CX8: ก.ค
A9: 1 | B9: งานเขื่อนป้องกันตลิ่ง | AZ9: 100
A11: 1.1 | B11: งานเขื่อนป้องกันตลิ่ง แบบที่ 1 | C11: เหมาจ่าย | D11: 1 | E11: =F11*100/SUM(K11:K20) -> 29.622732 | F11: =K11*SUM(M11:AG11)/100 -> 1.2806566 | G11: =D11*H11/100 -> 0.07212 | H11: =SUM(L12:AJ12) -> 7.212 | I11: ='BOQ แก้ไขสัญญา'!AF10 -> 5090507 | J11: =D11*I11 -> 5090507 | K11: =J11*100/GTotal -> 2.1344276 | AA11: 5 | AB11: 5 | AC11: 10 | AD11: 10 | AE11: 10 | AF11: 10 | AG11: 10 | AH11: 10 | AI11: 10 | AJ11: 10 | AK11: 10 | BL11: 1 | BN11: =M11*$K11/100 -> 0 | BO11: =N11*$K11/100 -> 0 | BP11: =O11*$K11/100 -> 0 | BQ11: =P11*$K11/100 -> 0 | BR11: =Q11*$K11/100 -> 0 | BS11: =R11*$K11/100 -> 0 | BT11: =S11*$K11/100 -> 0 | BU11: =T11*$K11/100 -> 0 | ... CX11: =AW11*$K11/100 -> 0 | DB11: =SUM(BN11:CY11) -> 2.1344276 | DC11: =K11 -> 2.1344276
N12: 4.271 | AA12: 2.941 | BL12: 0 | BN12: =M12*$K11/100 -> 0 | BO12: =N12*$K11/100 -> 0.091161403 | BP12: =O12*$K11/100 -> 0 | BQ12: =P12*$K11/100 -> 0 | BR12: =Q12*$K11/100 -> 0 | BS12: =R12*$K11/100 -> 0 | BT12: =S12*$K11/100 -> 0 | BU12: =T12*$K11/100 -> 0 | ... CX12: =AW12*$K11/100 -> 0 | DB12: =SUM(BN12:CY12) -> 0.15393492 | DC12: =K12 -> 0
A13: -1 | B13: งานคาน | C13: เหมาจ่าย | D13: 1 | E13: =F13*100/SUM(K11:K20) -> 3.1303119 | F13: =K13*SUM(M13:AG13)/100 -> 0.13533034 | G13: =D13*H13/100 -> 0 | H13: =SUM(L14:AJ14) -> 0 | I13: ='BOQ แก้ไขสัญญา'!AF11 -> 2151709 | J13: =D13*I13 -> 2151709 | K13: =J13*100/GTotal -> 0.90220229 | AF13: 5 | AG13: 10 | AH13: 15 | AI13: 15 | AJ13: 15 | AK13: 15 | AL13: 10 | AM13: 10 | AN13: 5 | BL13: 1 | BN13: =M13*$K13/100 -> 0 | BO13: =N13*$K13/100 -> 0 | BP13: =O13*$K13/100 -> 0 | BQ13: =P13*$K13/100 -> 0 | BR13: =Q13*$K13/100 -> 0 | BS13: =R13*$K13/100 -> 0 | BT13: =S13*$K13/100 -> 0 | BU13: =T13*$K13/100 -> 0 | ... CX13: =AW13*$K13/100 -> 0 | DB13: =SUM(BN13:CY13) -> 0.90220229 | DC13: =K13 -> 0.90220229
BL14: 0 | BN14: =M14*$K13/100 -> 0 | BO14: =N14*$K13/100 -> 0 | BP14: =O14*$K13/100 -> 0 | BQ14: =P14*$K13/100 -> 0 | BR14: =Q14*$K13/100 -> 0 | BS14: =R14*$K13/100 -> 0 | BT14: =S14*$K13/100 -> 0 | BU14: =T14*$K13/100 -> 0 | ... CX14: =AW14*$K13/100 -> 0 | DB14: =SUM(BN14:CY14) -> 0 | DC14: =K14 -> 0
A15: -2 | B15: งานกำแพง w15+ บันได | C15: เหมาจ่าย | D15: 1 | E15: =F15*100/SUM(K11:K20) -> 0 | F15: =K15*SUM(M15:AG15)/100 -> 0 | G15: =D15*H15/100 -> 0 | H15: =SUM(L16:AJ16) -> 0 | I15: ='BOQ แก้ไขสัญญา'!AF12 -> 906762 | J15: =D15*I15 -> 906762 | K15: =J15*100/GTotal -> 0.38020139 | AI15: 10 | AJ15: 25 | AK15: 25 | AL15: 25 | AM15: 10 | AN15: 5 | BL15: 1 | BN15: =M15*$K15/100 -> 0 | BO15: =N15*$K15/100 -> 0 | BP15: =O15*$K15/100 -> 0 | BQ15: =P15*$K15/100 -> 0 | BR15: =Q15*$K15/100 -> 0 | BS15: =R15*$K15/100 -> 0 | BT15: =S15*$K15/100 -> 0 | BU15: =T15*$K15/100 -> 0 | ... CX15: =AW15*$K15/100 -> 0 | DB15: =SUM(BN15:CY15) -> 0.38020139 | DC15: =K15 -> 0.38020139
BL16: 0 | BN16: =M16*$K15/100 -> 0 | BO16: =N16*$K15/100 -> 0 | BP16: =O16*$K15/100 -> 0 | BQ16: =P16*$K15/100 -> 0 | BR16: =Q16*$K15/100 -> 0 | BS16: =R16*$K15/100 -> 0 | BT16: =S16*$K15/100 -> 0 | BU16: =T16*$K15/100 -> 0 | ... CX16: =AW16*$K15/100 -> 0 | DB16: =SUM(BN16:CY16) -> 0 | DC16: =K16 -> 0
A17: -3 | B17: งานราวกันตก | C17: เหมาจ่าย | D17: 1 | E17: =F17*100/SUM(K11:K20) -> 0 | F17: =K17*SUM(M17:AG17)/100 -> 0 | G17: =D17*H17/100 -> 0 | H17: =SUM(L18:AJ18) -> 0 | I17: ='BOQ แก้ไขสัญญา'!AF13 -> 1372327 | J17: =D17*I17 -> 1372327 | K17: =J17*100/GTotal -> 0.57541078 | AI17: 10 | AJ17: 25 | AK17: 25 | AL17: 25 | AM17: 10 | AN17: 5 | BL17: 1 | BN17: =M17*$K17/100 -> 0 | BO17: =N17*$K17/100 -> 0 | BP17: =O17*$K17/100 -> 0 | BQ17: =P17*$K17/100 -> 0 | BR17: =Q17*$K17/100 -> 0 | BS17: =R17*$K17/100 -> 0 | BT17: =S17*$K17/100 -> 0 | BU17: =T17*$K17/100 -> 0 | ... CX17: =AW17*$K17/100 -> 0 | DB17: =SUM(BN17:CY17) -> 0.57541078 | DC17: =K17 -> 0.57541078
BL18: 0 | BN18: =M18*$K17/100 -> 0 | BO18: =N18*$K17/100 -> 0 | BP18: =O18*$K17/100 -> 0 | BQ18: =P18*$K17/100 -> 0 | BR18: =Q18*$K17/100 -> 0 | BS18: =R18*$K17/100 -> 0 | BT18: =S18*$K17/100 -> 0 | BU18: =T18*$K17/100 -> 0 | ... CX18: =AW18*$K17/100 -> 0 | DB18: =SUM(BN18:CY18) -> 0 | DC18: =K18 -> 0
A19: -4 | B19: งานวัสดุปูพื้น | C19: เหมาจ่าย | D19: 1 | E19: =F19*100/SUM(K11:K20) -> 0 | F19: =K19*SUM(M19:AG19)/100 -> 0 | G19: =D19*H19/100 -> 0 | H19: =SUM(L20:AJ20) -> 0 | I19: ='BOQ แก้ไขสัญญา'!AF14 -> 789372 | J19: =D19*I19 -> 789372 | K19: =J19*100/GTotal -> 0.33098027 | AJ19: 10 | AK19: 25 | AL19: 25 | AM19: 25 | AN19: 10 | AO19: 5 | BL19: 1 | BN19: =M19*$K19/100 -> 0 | BO19: =N19*$K19/100 -> 0 | BP19: =O19*$K19/100 -> 0 | BQ19: =P19*$K19/100 -> 0 | BR19: =Q19*$K19/100 -> 0 | BS19: =R19*$K19/100 -> 0 | BT19: =S19*$K19/100 -> 0 | BU19: =T19*$K19/100 -> 0 | ... CX19: =AW19*$K19/100 -> 0 | DB19: =SUM(BN19:CY19) -> 0.33098027 | DC19: =K19 -> 0.33098027
AZ20: 90 | BL20: 0 | BN20: =M20*$K19/100 -> 0 | BO20: =N20*$K19/100 -> 0 | BP20: =O20*$K19/100 -> 0 | BQ20: =P20*$K19/100 -> 0 | BR20: =Q20*$K19/100 -> 0 | BS20: =R20*$K19/100 -> 0 | BT20: =S20*$K19/100 -> 0 | BU20: =T20*$K19/100 -> 0 | ... CX20: =AW20*$K19/100 -> 0 | DB20: =SUM(BN20:CY20) -> 0 | DC20: =K20 -> 0
A21: 1.2 | B21: งานเขื่อนป้องกันตลิ่ง แบบที่ 2 | C21: เหมาจ่าย | D21: 1 | E21: =F21*100/SUM($K$21:$K$28) -> 0 | F21: =K21*SUM(M21:AG21)/100 -> 0 | G21: =D21*H21/100 -> 0.00348 | H21: =SUM(L22:AJ22) -> 0.348 | I21: ='BOQ แก้ไขสัญญา'!AF16 -> 5004503 | J21: =D21*I21 -> 5004503 | K21: =J21*100/GTotal -> 2.0983665 | AK21: 5 | AL21: 5 | AM21: 10 | AN21: 10 | AO21: 10 | AP21: 10 | AQ21: 10 | AR21: 10 | AS21: 10 | AT21: 10 | AU21: 10 | BL21: 1 | BN21: =M21*$K21/100 -> 0 | BO21: =N21*$K21/100 -> 0 | BP21: =O21*$K21/100 -> 0 | BQ21: =P21*$K21/100 -> 0 | BR21: =Q21*$K21/100 -> 0 | BS21: =R21*$K21/100 -> 0 | BT21: =S21*$K21/100 -> 0 | BU21: =T21*$K21/100 -> 0 | ... CX21: =AW21*$K21/100 -> 0 | DB21: =SUM(BN21:CY21) -> 2.0983665 | DC21: =K21 -> 2.0983665
N22: 0.348 | BL22: 0 | BN22: =M22*$K21/100 -> 0 | BO22: =N22*$K21/100 -> 0.0073023154 | BP22: =O22*$K21/100 -> 0 | BQ22: =P22*$K21/100 -> 0 | BR22: =Q22*$K21/100 -> 0 | BS22: =R22*$K21/100 -> 0 | BT22: =S22*$K21/100 -> 0 | BU22: =T22*$K21/100 -> 0 | ... CX22: =AW22*$K21/100 -> 0 | DB22: =SUM(BN22:CY22) -> 0.0073023154 | DC22: =K22 -> 0
A23: -1 | B23: งานคาน | C23: เหมาจ่าย | D23: 1 | E23: =F23*100/SUM($K$21:$K$28) -> 0 | F23: =K23*SUM(M23:AG23)/100 -> 0 | H23: =SUM(L24:AJ24) -> 0 | I23: ='BOQ แก้ไขสัญญา'!AF17 -> 1136018 | J23: =D23*I23 -> 1136018 | K23: =J23*100/GTotal -> 0.47632744 | AM23: 10 | AN23: 10 | AO23: 10 | AP23: 10 | AQ23: 20 | AR23: 20 | AS23: 20 | BL23: 1 | BN23: =M23*$K23/100 -> 0 | BO23: =N23*$K23/100 -> 0 | BP23: =O23*$K23/100 -> 0 | BQ23: =P23*$K23/100 -> 0 | BR23: =Q23*$K23/100 -> 0 | BS23: =R23*$K23/100 -> 0 | BT23: =S23*$K23/100 -> 0 | BU23: =T23*$K23/100 -> 0 | ... CX23: =AW23*$K23/100 -> 0 | DB23: =SUM(BN23:CY23) -> 0.47632744 | DC23: =K23 -> 0.47632744
BL24: 0 | BN24: =M24*$K23/100 -> 0 | BO24: =N24*$K23/100 -> 0 | BP24: =O24*$K23/100 -> 0 | BQ24: =P24*$K23/100 -> 0 | BR24: =Q24*$K23/100 -> 0 | BS24: =R24*$K23/100 -> 0 | BT24: =S24*$K23/100 -> 0 | BU24: =T24*$K23/100 -> 0 | ... CX24: =AW24*$K23/100 -> 0 | DB24: =SUM(BN24:CY24) -> 0 | DC24: =K24 -> 0
A25: -2 | B25: งานราวกันตก | C25: เหมาจ่าย | D25: 1 | E25: =F25*100/SUM($K$21:$K$28) -> 0 | F25: =K25*SUM(M25:AG25)/100 -> 0 | H25: =SUM(L26:AJ26) -> 0 | I25: ='BOQ แก้ไขสัญญา'!AF18 -> 528774 | J25: =D25*I25 -> 528774 | K25: =J25*100/GTotal -> 0.22171265 | AM25: 10 | AN25: 15 | AO25: 15 | AP25: 15 | AQ25: 15 | AR25: 15 | AS25: 15 | BL25: 1 | BN25: =M25*$K25/100 -> 0 | BO25: =N25*$K25/100 -> 0 | BP25: =O25*$K25/100 -> 0 | BQ25: =P25*$K25/100 -> 0 | BR25: =Q25*$K25/100 -> 0 | BS25: =R25*$K25/100 -> 0 | BT25: =S25*$K25/100 -> 0 | BU25: =T25*$K25/100 -> 0 | ... CX25: =AW25*$K25/100 -> 0 | DB25: =SUM(BN25:CY25) -> 0.22171265 | DC25: =K25 -> 0.22171265
BL26: 0 | BN26: =M26*$K25/100 -> 0 | BO26: =N26*$K25/100 -> 0 | BP26: =O26*$K25/100 -> 0 | BQ26: =P26*$K25/100 -> 0 | BR26: =Q26*$K25/100 -> 0 | BS26: =R26*$K25/100 -> 0 | BT26: =S26*$K25/100 -> 0 | BU26: =T26*$K25/100 -> 0 | ... CX26: =AW26*$K25/100 -> 0 | DB26: =SUM(BN26:CY26) -> 0 | DC26: =K26 -> 0
A27: -3 | B27: งานระบายน้ำหลังเขื่อน | C27: เหมาจ่าย | D27: 1 | E27: =F27*100/SUM($K$21:$K$28) -> 0 | F27: =K27*SUM(M27:AG27)/100 -> 0 | H27: =SUM(L28:AJ28) -> 0 | I27: ='BOQ แก้ไขสัญญา'!AF19 -> 160623 | J27: =D27*I27 -> 160623 | K27: =J27*100/GTotal -> 0.06734853 | AM27: 5 | AN27: 10 | AO27: 10 | AP27: 15 | AQ27: 15 | AR27: 15 | AS27: 30 | BL27: 1 | BN27: =M27*$K27/100 -> 0 | BO27: =N27*$K27/100 -> 0 | BP27: =O27*$K27/100 -> 0 | BQ27: =P27*$K27/100 -> 0 | BR27: =Q27*$K27/100 -> 0 | BS27: =R27*$K27/100 -> 0 | BT27: =S27*$K27/100 -> 0 | BU27: =T27*$K27/100 -> 0 | ... CX27: =AW27*$K27/100 -> 0 | DB27: =SUM(BN27:CY27) -> 0.06734853 | DC27: =K27 -> 0.06734853
BL28: 0 | BN28: =M28*$K27/100 -> 0 | BO28: =N28*$K27/100 -> 0 | BP28: =O28*$K27/100 -> 0 | BQ28: =P28*$K27/100 -> 0 | BR28: =Q28*$K27/100 -> 0 | BS28: =R28*$K27/100 -> 0 | BT28: =S28*$K27/100 -> 0 | BU28: =T28*$K27/100 -> 0 | ... CX28: =AW28*$K27/100 -> 0 | DB28: =SUM(BN28:CY28) -> 0 | DC28: =K28 -> 0
A29: 1.3 | B29: งานเขื่อนป้องกันตลิ่ง แบบที่ 1 | C29: เหมาจ่าย | D29: 1 | E29: =F29*100/SUM($K$29:$K$38) -> 0 | F29: =K29*SUM(M29:AG29)/100 -> 0 | H29: =SUM(L30:AJ30) -> 64.766 | I29: ='BOQ แก้ไขสัญญา'!AF21 -> 4270013 | J29: =D29*I29 -> 4270013 | K29: =J29*100/GTotal -> 1.790398 | AB29: 0 | AH29: 5 | AI29: 5 | AJ29: 10 | AK29: 10 | AL29: 10 | AM29: 10 | AN29: 10 | AO29: 10 | AP29: 10 | AQ29: 10 | AR29: 10 | BL29: 1 | BN29: =M29*$K29/100 -> 0 | BO29: =N29*$K29/100 -> 0 | BP29: =O29*$K29/100 -> 0 | BQ29: =P29*$K29/100 -> 0 | BR29: =Q29*$K29/100 -> 0 | BS29: =R29*$K29/100 -> 0 | BT29: =S29*$K29/100 -> 0 | BU29: =T29*$K29/100 -> 0 | ... CX29: =AW29*$K29/100 -> 0 | DB29: =SUM(BN29:CY29) -> 1.790398 | DC29: =K29 -> 1.790398
N30: 0.407 | AB30: 29.02 | AG30: =64.766-N30-AB30 -> 35.339 | AZ30: 80 | BL30: 0 | BN30: =M30*$K29/100 -> 0 | BO30: =N30*$K29/100 -> 0.0072869199 | BP30: =O30*$K29/100 -> 0 | BQ30: =P30*$K29/100 -> 0 | BR30: =Q30*$K29/100 -> 0 | BS30: =R30*$K29/100 -> 0 | BT30: =S30*$K29/100 -> 0 | BU30: =T30*$K29/100 -> 0 | ... CX30: =AW30*$K29/100 -> 0 | DB30: =SUM(BN30:CY30) -> 1.1595692 | DC30: =K30 -> 0
A31: -1 | B31: งานคาน | C31: เหมาจ่าย | D31: 1 | E31: =F31*100/SUM($K$29:$K$38) -> 0 | F31: =K31*SUM(M31:AG31)/100 -> 0 | H31: =SUM(L32:AJ32) -> 0 | I31: ='BOQ แก้ไขสัญญา'!AF22 -> 2092762 | J31: =D31*I31 -> 2092762 | K31: =J31*100/GTotal -> 0.87748607 | AH31: 0 | AI31: 5 | AJ31: 10 | AK31: 15 | AL31: 15 | AM31: 15 | AN31: 15 | AO31: 10 | AP31: 10 | AQ31: 5 | BL31: 1 | BN31: =M31*$K31/100 -> 0 | BO31: =N31*$K31/100 -> 0 | BP31: =O31*$K31/100 -> 0 | BQ31: =P31*$K31/100 -> 0 | BR31: =Q31*$K31/100 -> 0 | BS31: =R31*$K31/100 -> 0 | BT31: =S31*$K31/100 -> 0 | BU31: =T31*$K31/100 -> 0 | ... CX31: =AW31*$K31/100 -> 0 | DB31: =SUM(BN31:CY31) -> 0.87748607 | DC31: =K31 -> 0.87748607
BL32: 0 | BN32: =M32*$K31/100 -> 0 | BO32: =N32*$K31/100 -> 0 | BP32: =O32*$K31/100 -> 0 | BQ32: =P32*$K31/100 -> 0 | BR32: =Q32*$K31/100 -> 0 | BS32: =R32*$K31/100 -> 0 | BT32: =S32*$K31/100 -> 0 | BU32: =T32*$K31/100 -> 0 | ... CX32: =AW32*$K31/100 -> 0 | DB32: =SUM(BN32:CY32) -> 0 | DC32: =K32 -> 0
A33: -2 | B33: งานกำแพง w15+ บันได | C33: เหมาจ่าย | D33: 1 | E33: =F33*100/SUM($K$29:$K$38) -> 0 | F33: =K33*SUM(M33:AG33)/100 -> 0 | H33: =SUM(L34:AJ34) -> 0 | I33: ='BOQ แก้ไขสัญญา'!AF23 -> 883548 | J33: =D33*I33 -> 883548 | K33: =J33*100/GTotal -> 0.37046786 | AI33: 0 | AJ33: 5 | AK33: 5 | AL33: 15 | AM33: 15 | AN33: 15 | AO33: 15 | AP33: 15 | AQ33: 15 | BL33: 1 | BN33: =M33*$K33/100 -> 0 | BO33: =N33*$K33/100 -> 0 | BP33: =O33*$K33/100 -> 0 | BQ33: =P33*$K33/100 -> 0 | BR33: =Q33*$K33/100 -> 0 | BS33: =R33*$K33/100 -> 0 | BT33: =S33*$K33/100 -> 0 | BU33: =T33*$K33/100 -> 0 | ... CX33: =AW33*$K33/100 -> 0 | DB33: =SUM(BN33:CY33) -> 0.37046786 | DC33: =K33 -> 0.37046786
BL34: 0 | BN34: =M34*$K33/100 -> 0 | BO34: =N34*$K33/100 -> 0 | BP34: =O34*$K33/100 -> 0 | BQ34: =P34*$K33/100 -> 0 | BR34: =Q34*$K33/100 -> 0 | BS34: =R34*$K33/100 -> 0 | BT34: =S34*$K33/100 -> 0 | BU34: =T34*$K33/100 -> 0 | ... CX34: =AW34*$K33/100 -> 0 | DB34: =SUM(BN34:CY34) -> 0 | DC34: =K34 -> 0
A35: -3 | B35: งานราวกันตก | C35: เหมาจ่าย | D35: 1 | E35: =F35*100/SUM($K$29:$K$38) -> 0 | F35: =K35*SUM(M35:AG35)/100 -> 0 | H35: =SUM(L36:AJ36) -> 0 | I35: ='BOQ แก้ไขสัญญา'!AF24 -> 1344618 | J35: =D35*I35 -> 1344618 | K35: =J35*100/GTotal -> 0.56379252 | AJ35: 0 | AK35: 10 | AL35: 10 | AM35: 20 | AN35: 20 | AO35: 20 | AP35: 20 | BL35: 1 | BN35: =M35*$K35/100 -> 0 | BO35: =N35*$K35/100 -> 0 | BP35: =O35*$K35/100 -> 0 | BQ35: =P35*$K35/100 -> 0 | BR35: =Q35*$K35/100 -> 0 | BS35: =R35*$K35/100 -> 0 | BT35: =S35*$K35/100 -> 0 | BU35: =T35*$K35/100 -> 0 | ... CX35: =AW35*$K35/100 -> 0 | DB35: =SUM(BN35:CY35) -> 0.56379252 | DC35: =K35 -> 0.56379252
BL36: 0 | BN36: =M36*$K35/100 -> 0 | BO36: =N36*$K35/100 -> 0 | BP36: =O36*$K35/100 -> 0 | BQ36: =P36*$K35/100 -> 0 | BR36: =Q36*$K35/100 -> 0 | BS36: =R36*$K35/100 -> 0 | BT36: =S36*$K35/100 -> 0 | BU36: =T36*$K35/100 -> 0 | ... CX36: =AW36*$K35/100 -> 0 | DB36: =SUM(BN36:CY36) -> 0 | DC36: =K36 -> 0
A37: -4 | B37: งานวัสดุปูพื้น | C37: เหมาจ่าย | D37: 1 | E37: =F37*100/SUM($K$29:$K$38) -> 0 | F37: =K37*SUM(M37:AG37)/100 -> 0 | H37: =SUM(L38:AJ38) -> 0 | I37: ='BOQ แก้ไขสัญญา'!AF25 -> 1048108 | J37: =D37*I37 -> 1048108 | K37: =J37*100/GTotal -> 0.43946716 | AL37: 10 | AM37: 10 | AN37: 20 | AO37: 20 | AP37: 20 | AQ37: 20 | BL37: 1 | BN37: =M37*$K37/100 -> 0 | BO37: =N37*$K37/100 -> 0 | BP37: =O37*$K37/100 -> 0 | BQ37: =P37*$K37/100 -> 0 | BR37: =Q37*$K37/100 -> 0 | BS37: =R37*$K37/100 -> 0 | BT37: =S37*$K37/100 -> 0 | BU37: =T37*$K37/100 -> 0 | ... CX37: =AW37*$K37/100 -> 0 | DB37: =SUM(BN37:CY37) -> 0.43946716 | DC37: =K37 -> 0.43946716
BL38: 0 | BN38: =M38*$K37/100 -> 0 | BO38: =N38*$K37/100 -> 0 | BP38: =O38*$K37/100 -> 0 | BQ38: =P38*$K37/100 -> 0 | BR38: =Q38*$K37/100 -> 0 | BS38: =R38*$K37/100 -> 0 | BT38: =S38*$K37/100 -> 0 | BU38: =T38*$K37/100 -> 0 | ... CX38: =AW38*$K37/100 -> 0 | DB38: =SUM(BN38:CY38) -> 0 | DC38: =K38 -> 0
A39: 1.4 | B39: งานเขื่อนป้องกันตลิ่ง แบบที่ 4 ช่วงที่ 1 | C39: เหมาจ่าย | D39: 1 | E39: =F39*100/SUM($K$39:$K$44) -> 0 | F39: =K39*SUM(M39:AG39)/100 -> 0 | H39: =SUM(L40:AJ40) -> 53.669 | I39: ='BOQ แก้ไขสัญญา'!AF27 -> 2827285 | J39: =D39*I39 -> 2827285 | K39: =J39*100/GTotal -> 1.1854684 | AK39: 10 | AL39: 10 | AM39: 10 | AN39: 20 | AO39: 20 | AP39: 20 | AQ39: 10 | BL39: 1 | BN39: =M39*$K39/100 -> 0 | BO39: =N39*$K39/100 -> 0 | BP39: =O39*$K39/100 -> 0 | BQ39: =P39*$K39/100 -> 0 | BR39: =Q39*$K39/100 -> 0 | BS39: =R39*$K39/100 -> 0 | BT39: =S39*$K39/100 -> 0 | BU39: =T39*$K39/100 -> 0 | ... CX39: =AW39*$K39/100 -> 0 | DB39: =SUM(BN39:CY39) -> 1.1854684 | DC39: =K39 -> 1.1854684
N40: 0.615 | AA40: 53.054 | AZ40: 70 | BL40: 0 | BN40: =M40*$K39/100 -> 0 | BO40: =N40*$K39/100 -> 0.0072906306 | BP40: =O40*$K39/100 -> 0 | BQ40: =P40*$K39/100 -> 0 | BR40: =Q40*$K39/100 -> 0 | BS40: =R40*$K39/100 -> 0 | BT40: =S40*$K39/100 -> 0 | BU40: =T40*$K39/100 -> 0 | ... CX40: =AW40*$K39/100 -> 0 | DB40: =SUM(BN40:CY40) -> 0.63622903 | DC40: =K40 -> 0
A41: -1 | B41: งานคาน | C41: เหมาจ่าย | D41: 1 | E41: =F41*100/SUM($K$39:$K$44) -> 0 | F41: =K41*SUM(M41:AG41)/100 -> 0 | H41: =SUM(L42:AJ42) -> 0 | I41: ='BOQ แก้ไขสัญญา'!AF28 -> 317663 | J41: =D41*I41 -> 317663 | K41: =J41*100/GTotal -> 0.13319472 | AN41: 25 | AO41: 25 | AP41: 25 | AQ41: 25 | BL41: 1 | BN41: =M41*$K41/100 -> 0 | BO41: =N41*$K41/100 -> 0 | BP41: =O41*$K41/100 -> 0 | BQ41: =P41*$K41/100 -> 0 | BR41: =Q41*$K41/100 -> 0 | BS41: =R41*$K41/100 -> 0 | BT41: =S41*$K41/100 -> 0 | BU41: =T41*$K41/100 -> 0 | ... CX41: =AW41*$K41/100 -> 0 | DB41: =SUM(BN41:CY41) -> 0.13319472 | DC41: =K41 -> 0.13319472
BL42: 0 | BN42: =M42*$K41/100 -> 0 | BO42: =N42*$K41/100 -> 0 | BP42: =O42*$K41/100 -> 0 | BQ42: =P42*$K41/100 -> 0 | BR42: =Q42*$K41/100 -> 0 | BS42: =R42*$K41/100 -> 0 | BT42: =S42*$K41/100 -> 0 | BU42: =T42*$K41/100 -> 0 | ... CX42: =AW42*$K41/100 -> 0 | DB42: =SUM(BN42:CY42) -> 0 | DC42: =K42 -> 0
A43: -2 | B43: งานราวกันตก และ งานระบายน้ำหลังเขื่อน | C43: เหมาจ่าย | D43: 1 | E43: =F43*100/SUM($K$39:$K$44) -> 0 | F43: =K43*SUM(M43:AG43)/100 -> 0 | H43: =SUM(L44:AJ44) -> 0 | I43: ='BOQ แก้ไขสัญญา'!AF29 -> 262286 | J43: =D43*I43 -> 262286 | K43: =J43*100/GTotal -> 0.10997539 | AO43: 30 | AP43: 30 | AQ43: 40 | BL43: 1 | BN43: =M43*$K43/100 -> 0 | BO43: =N43*$K43/100 -> 0 | BP43: =O43*$K43/100 -> 0 | BQ43: =P43*$K43/100 -> 0 | BR43: =Q43*$K43/100 -> 0 | BS43: =R43*$K43/100 -> 0 | BT43: =S43*$K43/100 -> 0 | BU43: =T43*$K43/100 -> 0 | ... CX43: =AW43*$K43/100 -> 0 | DB43: =SUM(BN43:CY43) -> 0.10997539 | DC43: =K43 -> 0.10997539
BL44: 0 | BN44: =M44*$K43/100 -> 0 | BO44: =N44*$K43/100 -> 0 | BP44: =O44*$K43/100 -> 0 | BQ44: =P44*$K43/100 -> 0 | BR44: =Q44*$K43/100 -> 0 | BS44: =R44*$K43/100 -> 0 | BT44: =S44*$K43/100 -> 0 | BU44: =T44*$K43/100 -> 0 | ... CX44: =AW44*$K43/100 -> 0 | DB44: =SUM(BN44:CY44) -> 0 | DC44: =K44 -> 0
A45: 1.5 | B45: งานเขื่อนป้องกันตลิ่ง แบบที่ 4 ช่วงที่ 2 | C45: เหมาจ่าย | D45: 1 | E45: =F45*100/SUM($K$45:$K$50) -> 0 | F45: =K45*SUM(M45:AG45)/100 -> 0 | H45: =SUM(L46:AJ46) -> 54.391 | I45: ='BOQ แก้ไขสัญญา'!AF31 -> 3175884 | J45: =D45*I45 -> 3175884 | K45: =J45*100/GTotal -> 1.3316344 | AO45: 10 | AP45: 10 | AQ45: 10 | AR45: 20 | AS45: 20 | AT45: 20 | AU45: 10 | BL45: 1 | BN45: =M45*$K45/100 -> 0 | BO45: =N45*$K45/100 -> 0 | BP45: =O45*$K45/100 -> 0 | BQ45: =P45*$K45/100 -> 0 | BR45: =Q45*$K45/100 -> 0 | BS45: =R45*$K45/100 -> 0 | BT45: =S45*$K45/100 -> 0 | BU45: =T45*$K45/100 -> 0 | ... CX45: =AW45*$K45/100 -> 0 | DB45: =SUM(BN45:CY45) -> 1.3316344 | DC45: =K45 -> 1.3316344
N46: 0.548 | AA46: 17.003 | AB46: 36.84 | BL46: 0 | BN46: =M46*$K45/100 -> 0 | BO46: =N46*$K45/100 -> 0.0072973567 | BP46: =O46*$K45/100 -> 0 | BQ46: =P46*$K45/100 -> 0 | BR46: =Q46*$K45/100 -> 0 | BS46: =R46*$K45/100 -> 0 | BT46: =S46*$K45/100 -> 0 | BU46: =T46*$K45/100 -> 0 | ... CX46: =AW46*$K45/100 -> 0 | DB46: =SUM(BN46:CY46) -> 0.72428929 | DC46: =K46 -> 0
A47: -1 | B47: งานคาน | C47: เหมาจ่าย | D47: 1 | E47: =F47*100/SUM($K$45:$K$50) -> 0 | F47: =K47*SUM(M47:AG47)/100 -> 0 | H47: =SUM(L48:AJ48) -> 0 | I47: ='BOQ แก้ไขสัญญา'!AF32 -> 358105 | J47: =D47*I47 -> 358105 | K47: =J47*100/GTotal -> 0.15015188 | AR47: 25 | AS47: 25 | AT47: 25 | AU47: 25 | BL47: 1 | BN47: =M47*$K47/100 -> 0 | BO47: =N47*$K47/100 -> 0 | BP47: =O47*$K47/100 -> 0 | BQ47: =P47*$K47/100 -> 0 | BR47: =Q47*$K47/100 -> 0 | BS47: =R47*$K47/100 -> 0 | BT47: =S47*$K47/100 -> 0 | BU47: =T47*$K47/100 -> 0 | ... CX47: =AW47*$K47/100 -> 0 | DB47: =SUM(BN47:CY47) -> 0.15015188 | DC47: =K47 -> 0.15015188
BL48: 0 | BN48: =M48*$K47/100 -> 0 | BO48: =N48*$K47/100 -> 0 | BP48: =O48*$K47/100 -> 0 | BQ48: =P48*$K47/100 -> 0 | BR48: =Q48*$K47/100 -> 0 | BS48: =R48*$K47/100 -> 0 | BT48: =S48*$K47/100 -> 0 | BU48: =T48*$K47/100 -> 0 | ... CX48: =AW48*$K47/100 -> 0 | DB48: =SUM(BN48:CY48) -> 0 | DC48: =K48 -> 0
A49: -2 | B49: งานราวกันตก และ งานระบายน้ำหลังเขื่อน | C49: เหมาจ่าย | D49: 1 | E49: =F49*100/SUM($K$45:$K$50) -> 0 | F49: =K49*SUM(M49:AG49)/100 -> 0 | H49: =SUM(L50:AJ50) -> 0 | I49: ='BOQ แก้ไขสัญญา'!AF33 -> 295042 | J49: =D49*I49 -> 295042 | K49: =J49*100/GTotal -> 0.12370984 | AS49: 30 | AT49: 30 | AU49: 40 | BL49: 1 | BN49: =M49*$K49/100 -> 0 | BO49: =N49*$K49/100 -> 0 | BP49: =O49*$K49/100 -> 0 | BQ49: =P49*$K49/100 -> 0 | BR49: =Q49*$K49/100 -> 0 | BS49: =R49*$K49/100 -> 0 | BT49: =S49*$K49/100 -> 0 | BU49: =T49*$K49/100 -> 0 | ... CX49: =AW49*$K49/100 -> 0 | DB49: =SUM(BN49:CY49) -> 0.12370984 | DC49: =K49 -> 0.12370984
BL50: 0 | BN50: =M50*$K49/100 -> 0 | BO50: =N50*$K49/100 -> 0 | BP50: =O50*$K49/100 -> 0 | BQ50: =P50*$K49/100 -> 0 | BR50: =Q50*$K49/100 -> 0 | BS50: =R50*$K49/100 -> 0 | BT50: =S50*$K49/100 -> 0 | BU50: =T50*$K49/100 -> 0 | ... CX50: =AW50*$K49/100 -> 0 | DB50: =SUM(BN50:CY50) -> 0 | DC50: =K50 -> 0
A51: 1.6 | B51: งานเขื่อนป้องกันตลิ่ง แบบที่ 5 | C51: เหมาจ่าย | D51: 1 | E51: =F51*100/SUM($K$51:$K$56) -> 0 | F51: =K51*SUM(M51:AG51)/100 -> 0 | H51: =SUM(L52:AJ52) -> 82.375 | I51: ='BOQ แก้ไขสัญญา'!AF35 -> 3323085 | J51: =D51*I51 -> 3323085 | K51: =J51*100/GTotal -> 1.3933552 | AJ51: 4 | AK51: 4 | AL51: 4 | AM51: 4 | AN51: 4 | AO51: 4 | AP51: 8 | AQ51: 8 | AR51: 10 | AS51: 10 | AT51: 10 | AU51: 10 | AV51: 10 | AW51: 10 | AZ51: 60 | BL51: 1 | BN51: =M51*$K51/100 -> 0 | BO51: =N51*$K51/100 -> 0 | BP51: =O51*$K51/100 -> 0 | BQ51: =P51*$K51/100 -> 0 | BR51: =Q51*$K51/100 -> 0 | BS51: =R51*$K51/100 -> 0 | BT51: =S51*$K51/100 -> 0 | BU51: =T51*$K51/100 -> 0 | ... CX51: =AW51*$K51/100 -> 0.13933552 | DB51: =SUM(BN51:CY51) -> 1.3933552 | DC51: =K51 -> 1.3933552
N52: 0.523 | AA52: 40.926 | AB52: 40.926 | BL52: 0 | BN52: =M52*$K51/100 -> 0 | BO52: =N52*$K51/100 -> 0.0072872476 | BP52: =O52*$K51/100 -> 0 | BQ52: =P52*$K51/100 -> 0 | BR52: =Q52*$K51/100 -> 0 | BS52: =R52*$K51/100 -> 0 | BT52: =S52*$K51/100 -> 0 | BU52: =T52*$K51/100 -> 0 | ... CX52: =AW52*$K51/100 -> 0 | DB52: =SUM(BN52:CY52) -> 1.1477763 | DC52: =K52 -> 0
A53: -1 | B53: งานคาน | C53: เหมาจ่าย | D53: 1 | E53: =F53*100/SUM($K$51:$K$56) -> 0 | F53: =K53*SUM(M53:AG53)/100 -> 0 | H53: =SUM(L54:AJ54) -> 0 | I53: ='BOQ แก้ไขสัญญา'!AF36 -> 358105 | J53: =D53*I53 -> 358105 | K53: =J53*100/GTotal -> 0.15015188 | AK53: 0 | AL53: 5 | AM53: 5 | AN53: 10 | AO53: 10 | AP53: 15 | AQ53: 15 | AR53: 15 | AS53: 15 | AT53: 5 | AU53: 5 | BL53: 1 | BN53: =M53*$K53/100 -> 0 | BO53: =N53*$K53/100 -> 0 | BP53: =O53*$K53/100 -> 0 | BQ53: =P53*$K53/100 -> 0 | BR53: =Q53*$K53/100 -> 0 | BS53: =R53*$K53/100 -> 0 | BT53: =S53*$K53/100 -> 0 | BU53: =T53*$K53/100 -> 0 | ... CX53: =AW53*$K53/100 -> 0 | DB53: =SUM(BN53:CY53) -> 0.15015188 | DC53: =K53 -> 0.15015188
BL54: 0 | BN54: =M54*$K53/100 -> 0 | BO54: =N54*$K53/100 -> 0 | BP54: =O54*$K53/100 -> 0 | BQ54: =P54*$K53/100 -> 0 | BR54: =Q54*$K53/100 -> 0 | BS54: =R54*$K53/100 -> 0 | BT54: =S54*$K53/100 -> 0 | BU54: =T54*$K53/100 -> 0 | ... CX54: =AW54*$K53/100 -> 0 | DB54: =SUM(BN54:CY54) -> 0 | DC54: =K54 -> 0
A55: -2 | B55: งานราวกันตก และ งานระบายน้ำหลังเขื่อน | C55: เหมาจ่าย | D55: 1 | E55: =F55*100/SUM($K$51:$K$56) -> 0 | F55: =K55*SUM(M55:AG55)/100 -> 0 | H55: =SUM(L56:AJ56) -> 0 | I55: ='BOQ แก้ไขสัญญา'!AF37 -> 295042 | J55: =D55*I55 -> 295042 | K55: =J55*100/GTotal -> 0.12370984 | AQ55: 10 | AR55: 10 | AS55: 15 | AT55: 15 | AU55: 15 | AV55: 15 | AW55: 20 | BL55: 1 | BN55: =M55*$K55/100 -> 0 | BO55: =N55*$K55/100 -> 0 | BP55: =O55*$K55/100 -> 0 | BQ55: =P55*$K55/100 -> 0 | BR55: =Q55*$K55/100 -> 0 | BS55: =R55*$K55/100 -> 0 | BT55: =S55*$K55/100 -> 0 | BU55: =T55*$K55/100 -> 0 | ... CX55: =AW55*$K55/100 -> 0.024741967 | DB55: =SUM(BN55:CY55) -> 0.12370984 | DC55: =K55 -> 0.12370984
BL56: 0 | BN56: =M56*$K55/100 -> 0 | BO56: =N56*$K55/100 -> 0 | BP56: =O56*$K55/100 -> 0 | BQ56: =P56*$K55/100 -> 0 | BR56: =Q56*$K55/100 -> 0 | BS56: =R56*$K55/100 -> 0 | BT56: =S56*$K55/100 -> 0 | BU56: =T56*$K55/100 -> 0 | ... CX56: =AW56*$K55/100 -> 0 | DB56: =SUM(BN56:CY56) -> 0 | DC56: =K56 -> 0
A57: 1.7 | B57: งานเขื่อนป้องกันตลิ่ง แบบที่ 5 (มีผิวจราจรด้านหลังเขื่อน) | C57: เหมาจ่าย | D57: 1 | E57: =F57*100/SUM($K$57:$K$62) -> 0 | F57: =K57*SUM(M57:AG57)/100 -> 0 | H57: =SUM(L58:AJ58) -> 42.96 | I57: ='BOQ แก้ไขสัญญา'!AF39 -> 14559639 | J57: =D57*I57 -> 14559639 | K57: =J57*100/GTotal -> 6.1047937 | AK57: 5 | AL57: 5 | AM57: 5 | AN57: 5 | AO57: 10 | AP57: 10 | AQ57: 10 | AR57: 10 | AS57: 10 | AT57: 10 | AU57: 10 | AV57: 5 | AW57: 5 | BL57: 1 | BN57: =M57*$K57/100 -> 0 | BO57: =N57*$K57/100 -> 0 | BP57: =O57*$K57/100 -> 0 | BQ57: =P57*$K57/100 -> 0 | BR57: =Q57*$K57/100 -> 0 | BS57: =R57*$K57/100 -> 0 | BT57: =S57*$K57/100 -> 0 | BU57: =T57*$K57/100 -> 0 | ... CX57: =AW57*$K57/100 -> 0.30523969 | DB57: =SUM(BN57:CY57) -> 6.1047937 | DC57: =K57 -> 6.1047937
N58: 0.239 | AA58: 23.627 | AB58: 19.094 | BL58: 0 | BN58: =M58*$K57/100 -> 0 | BO58: =N58*$K57/100 -> 0.014590457 | BP58: =O58*$K57/100 -> 0 | BQ58: =P58*$K57/100 -> 0 | BR58: =Q58*$K57/100 -> 0 | BS58: =R58*$K57/100 -> 0 | BT58: =S58*$K57/100 -> 0 | BU58: =T58*$K57/100 -> 0 | ... CX58: =AW58*$K57/100 -> 0 | DB58: =SUM(BN58:CY58) -> 2.6226194 | DC58: =K58 -> 0
A59: -1 | B59: งานคาน | C59: เหมาจ่าย | D59: 1 | E59: =F59*100/SUM($K$57:$K$62) -> 0 | F59: =K59*SUM(M59:AG59)/100 -> 0 | H59: =SUM(L60:AJ60) -> 0 | I59: ='BOQ แก้ไขสัญญา'!AF40 -> 1620450 | J59: =D59*I59 -> 1620450 | K59: =J59*100/GTotal -> 0.67944769 | AM59: 5 | AN59: 5 | AO59: 10 | AP59: 10 | AQ59: 15 | AR59: 15 | AS59: 15 | AT59: 15 | AU59: 5 | AV59: 5 | BL59: 1 | BN59: =M59*$K59/100 -> 0 | BO59: =N59*$K59/100 -> 0 | BP59: =O59*$K59/100 -> 0 | BQ59: =P59*$K59/100 -> 0 | BR59: =Q59*$K59/100 -> 0 | BS59: =R59*$K59/100 -> 0 | BT59: =S59*$K59/100 -> 0 | BU59: =T59*$K59/100 -> 0 | ... CX59: =AW59*$K59/100 -> 0 | DB59: =SUM(BN59:CY59) -> 0.67944769 | DC59: =K59 -> 0.67944769
BL60: 0 | BN60: =M60*$K59/100 -> 0 | BO60: =N60*$K59/100 -> 0 | BP60: =O60*$K59/100 -> 0 | BQ60: =P60*$K59/100 -> 0 | BR60: =Q60*$K59/100 -> 0 | BS60: =R60*$K59/100 -> 0 | BT60: =S60*$K59/100 -> 0 | BU60: =T60*$K59/100 -> 0 | ... CX60: =AW60*$K59/100 -> 0 | DB60: =SUM(BN60:CY60) -> 0 | DC60: =K60 -> 0
A61: -2 | B61: งานราวกันตก และ งานระบายน้ำหลังเขื่อน | C61: เหมาจ่าย | D61: 1 | E61: =F61*100/SUM($K$57:$K$62) -> 0 | F61: =K61*SUM(M61:AG61)/100 -> 0 | H61: =SUM(L62:AJ62) -> 0 | I61: ='BOQ แก้ไขสัญญา'!AF41 -> 1340232 | J61: =D61*I61 -> 1340232 | K61: =J61*100/GTotal -> 0.56195349 | AO61: 5 | AP61: 5 | AQ61: 10 | AR61: 15 | AS61: 15 | AT61: 20 | AU61: 20 | AV61: 5 | AW61: 5 | AZ61: 50 | BL61: 1 | BN61: =M61*$K61/100 -> 0 | BO61: =N61*$K61/100 -> 0 | BP61: =O61*$K61/100 -> 0 | BQ61: =P61*$K61/100 -> 0 | BR61: =Q61*$K61/100 -> 0 | BS61: =R61*$K61/100 -> 0 | BT61: =S61*$K61/100 -> 0 | BU61: =T61*$K61/100 -> 0 | ... CX61: =AW61*$K61/100 -> 0.028097674 | DB61: =SUM(BN61:CY61) -> 0.56195349 | DC61: =K61 -> 0.56195349
BL62: 0 | BN62: =M62*$K61/100 -> 0 | BO62: =N62*$K61/100 -> 0 | BP62: =O62*$K61/100 -> 0 | BQ62: =P62*$K61/100 -> 0 | BR62: =Q62*$K61/100 -> 0 | BS62: =R62*$K61/100 -> 0 | BT62: =S62*$K61/100 -> 0 | BU62: =T62*$K61/100 -> 0 | ... CX62: =AW62*$K61/100 -> 0 | DB62: =SUM(BN62:CY62) -> 0 | DC62: =K62 -> 0
A63: 1.8 | B63: งานเขื่อนป้องกันตลิ่ง แบบที่ 5 ช่วง | C63: เหมาจ่าย | D63: 1 | E63: =F63*100/SUM($K$63:$K$68) -> 0 | F63: =K63*SUM(M63:AG63)/100 -> 0 | H63: =SUM(L64:AJ64) -> 19.939 | I63: ='BOQ แก้ไขสัญญา'!AF43 -> 16172985 | J63: =D63*I63 -> 16172985 | K63: =J63*100/GTotal -> 6.7812627 | AJ63: 4 | AK63: 4 | AL63: 4 | AM63: 4 | AN63: 4 | AO63: 4 | AP63: 4 | AQ63: 4 | AR63: 4 | AS63: 10 | AT63: 10 | AU63: 14 | AV63: 15 | AW63: 15 | BL63: 1 | BN63: =M63*$K63/100 -> 0 | BO63: =N63*$K63/100 -> 0 | BP63: =O63*$K63/100 -> 0 | BQ63: =P63*$K63/100 -> 0 | BR63: =Q63*$K63/100 -> 0 | BS63: =R63*$K63/100 -> 0 | BT63: =S63*$K63/100 -> 0 | BU63: =T63*$K63/100 -> 0 | ... CX63: =AW63*$K63/100 -> 1.0171894 | DB63: =SUM(BN63:CY63) -> 6.7812627 | DC63: =K63 -> 6.7812627
N64: 0.215 | AA64: 5.379 | AB64: 14.345 | BL64: 0 | BN64: =M64*$K63/100 -> 0 | BO64: =N64*$K63/100 -> 0.014579715 | BP64: =O64*$K63/100 -> 0 | BQ64: =P64*$K63/100 -> 0 | BR64: =Q64*$K63/100 -> 0 | BS64: =R64*$K63/100 -> 0 | BT64: =S64*$K63/100 -> 0 | BU64: =T64*$K63/100 -> 0 | ... CX64: =AW64*$K63/100 -> 0 | DB64: =SUM(BN64:CY64) -> 1.352116 | DC64: =K64 -> 0
A65: -1 | B65: งานคาน | C65: เหมาจ่าย | D65: 1 | E65: =F65*100/SUM($K$63:$K$68) -> 0 | F65: =K65*SUM(M65:AG65)/100 -> 0 | H65: =SUM(L66:AJ66) -> 0 | I65: ='BOQ แก้ไขสัญญา'!AF44 -> 1828365 | J65: =D65*I65 -> 1828365 | K65: =J65*100/GTotal -> 0.76662555 | AL65: 5 | AM65: 5 | AN65: 10 | AO65: 10 | AP65: 15 | AQ65: 15 | AR65: 15 | AS65: 15 | AT65: 5 | AU65: 5 | BL65: 1 | BN65: =M65*$K65/100 -> 0 | BO65: =N65*$K65/100 -> 0 | BP65: =O65*$K65/100 -> 0 | BQ65: =P65*$K65/100 -> 0 | BR65: =Q65*$K65/100 -> 0 | BS65: =R65*$K65/100 -> 0 | BT65: =S65*$K65/100 -> 0 | BU65: =T65*$K65/100 -> 0 | ... CX65: =AW65*$K65/100 -> 0 | DB65: =SUM(BN65:CY65) -> 0.76662555 | DC65: =K65 -> 0.76662555
BL66: 0 | BN66: =M66*$K65/100 -> 0 | BO66: =N66*$K65/100 -> 0 | BP66: =O66*$K65/100 -> 0 | BQ66: =P66*$K65/100 -> 0 | BR66: =Q66*$K65/100 -> 0 | BS66: =R66*$K65/100 -> 0 | BT66: =S66*$K65/100 -> 0 | BU66: =T66*$K65/100 -> 0 | ... CX66: =AW66*$K65/100 -> 0 | DB66: =SUM(BN66:CY66) -> 0 | DC66: =K66 -> 0
A67: -2 | B67: งานราวกันตก และ งานระบายน้ำหลังเขื่อน | C67: เหมาจ่าย | D67: 1 | E67: =F67*100/SUM($K$63:$K$68) -> 0 | F67: =K67*SUM(M67:AG67)/100 -> 0 | H67: =SUM(L68:AJ68) -> 0 | I67: ='BOQ แก้ไขสัญญา'!AF45 -> 2138194 | J67: =D67*I67 -> 2138194 | K67: =J67*100/GTotal -> 0.89653551 | AQ67: 10 | AR67: 10 | AS67: 15 | AT67: 15 | AU67: 15 | AV67: 15 | AW67: 20 | BL67: 1 | BN67: =M67*$K67/100 -> 0 | BO67: =N67*$K67/100 -> 0 | BP67: =O67*$K67/100 -> 0 | BQ67: =P67*$K67/100 -> 0 | BR67: =Q67*$K67/100 -> 0 | BS67: =R67*$K67/100 -> 0 | BT67: =S67*$K67/100 -> 0 | BU67: =T67*$K67/100 -> 0 | ... CX67: =AW67*$K67/100 -> 0.1793071 | DB67: =SUM(BN67:CY67) -> 0.89653551 | DC67: =K67 -> 0.89653551
BL68: 0 | BN68: =M68*$K67/100 -> 0 | BO68: =N68*$K67/100 -> 0 | BP68: =O68*$K67/100 -> 0 | BQ68: =P68*$K67/100 -> 0 | BR68: =Q68*$K67/100 -> 0 | BS68: =R68*$K67/100 -> 0 | BT68: =S68*$K67/100 -> 0 | BU68: =T68*$K67/100 -> 0 | ... CX68: =AW68*$K67/100 -> 0 | DB68: =SUM(BN68:CY68) -> 0 | DC68: =K68 -> 0
A69: 1.9 | B69: งานเขื่อนป้องกันตลิ่ง แบบที่ 6 ช่วงที่ 1 | C69: เหมาจ่าย | D69: 1 | E69: =F69*100/SUM(K69) -> 0 | F69: =K69*SUM(M69:AG69)/100 -> 0 | H69: =SUM(L70:AJ70) -> 0 | I69: ='BOQ แก้ไขสัญญา'!AF47 -> 344287 | J69: =D69*I69 -> 344287 | K69: =J69*100/GTotal -> 0.14435805 | AH69: 10 | AI69: 10 | AJ69: 15 | AK69: 15 | AL69: 20 | AM69: 20 | AN69: 10 | BL69: 1 | BN69: =M69*$K69/100 -> 0 | BO69: =N69*$K69/100 -> 0 | BP69: =O69*$K69/100 -> 0 | BQ69: =P69*$K69/100 -> 0 | BR69: =Q69*$K69/100 -> 0 | BS69: =R69*$K69/100 -> 0 | BT69: =S69*$K69/100 -> 0 | BU69: =T69*$K69/100 -> 0 | ... CX69: =AW69*$K69/100 -> 0 | DB69: =SUM(BN69:CY69) -> 0.14435805 | DC69: =K69 -> 0.14435805
BL70: 0 | BN70: =M70*$K69/100 -> 0 | BO70: =N70*$K69/100 -> 0 | BP70: =O70*$K69/100 -> 0 | BQ70: =P70*$K69/100 -> 0 | BR70: =Q70*$K69/100 -> 0 | BS70: =R70*$K69/100 -> 0 | BT70: =S70*$K69/100 -> 0 | BU70: =T70*$K69/100 -> 0 | ... CX70: =AW70*$K69/100 -> 0 | DB70: =SUM(BN70:CY70) -> 0 | DC70: =K70 -> 0
A71: 1.1 | B71: งานเขื่อนป้องกันตลิ่ง แบบที่ 6 ช่วงที่ 2 | C71: เหมาจ่าย | D71: 1 | E71: =F71*100/SUM(K71) -> 0 | F71: =K71*SUM(M71:AG71)/100 -> 0 | H71: =SUM(L72:AJ72) -> 0 | I71: ='BOQ แก้ไขสัญญา'!AF48 -> 1601756 | J71: =D71*I71 -> 1601756 | K71: =J71*100/GTotal -> 0.67160937 | AK71: 10 | AL71: 10 | AM71: 15 | AN71: 15 | AO71: 20 | AP71: 20 | AQ71: 10 | AZ71: 40 | BL71: 1 | BN71: =M71*$K71/100 -> 0 | BO71: =N71*$K71/100 -> 0 | BP71: =O71*$K71/100 -> 0 | BQ71: =P71*$K71/100 -> 0 | BR71: =Q71*$K71/100 -> 0 | BS71: =R71*$K71/100 -> 0 | BT71: =S71*$K71/100 -> 0 | BU71: =T71*$K71/100 -> 0 | ... CX71: =AW71*$K71/100 -> 0 | DB71: =SUM(BN71:CY71) -> 0.67160937 | DC71: =K71 -> 0.67160937
BL72: 0 | BN72: =M72*$K71/100 -> 0 | BO72: =N72*$K71/100 -> 0 | BP72: =O72*$K71/100 -> 0 | BQ72: =P72*$K71/100 -> 0 | BR72: =Q72*$K71/100 -> 0 | BS72: =R72*$K71/100 -> 0 | BT72: =S72*$K71/100 -> 0 | BU72: =T72*$K71/100 -> 0 | ... CX72: =AW72*$K71/100 -> 0 | DB72: =SUM(BN72:CY72) -> 0 | DC72: =K72 -> 0
A73: 1.11 | B73: งานเขื่อนป้องกันตลิ่ง แบบที่ 6 ช่วงที่ 3 | C73: เหมาจ่าย | D73: 1 | E73: =F73*100/SUM(K73) -> 0 | F73: =K73*SUM(M73:AG73)/100 -> 0 | H73: =SUM(L74:AJ74) -> 0 | I73: ='BOQ แก้ไขสัญญา'!AF49 -> 333944 | J73: =D73*I73 -> 333944 | K73: =J73*100/GTotal -> 0.14002128 | AN73: 10 | AO73: 10 | AP73: 15 | AQ73: 15 | AR73: 20 | AS73: 20 | AT73: 10 | BL73: 1 | BN73: =M73*$K73/100 -> 0 | BO73: =N73*$K73/100 -> 0 | BP73: =O73*$K73/100 -> 0 | BQ73: =P73*$K73/100 -> 0 | BR73: =Q73*$K73/100 -> 0 | BS73: =R73*$K73/100 -> 0 | BT73: =S73*$K73/100 -> 0 | BU73: =T73*$K73/100 -> 0 | ... CX73: =AW73*$K73/100 -> 0 | DB73: =SUM(BN73:CY73) -> 0.14002128 | DC73: =K73 -> 0.14002128
BL74: 0 | BN74: =M74*$K73/100 -> 0 | BO74: =N74*$K73/100 -> 0 | BP74: =O74*$K73/100 -> 0 | BQ74: =P74*$K73/100 -> 0 | BR74: =Q74*$K73/100 -> 0 | BS74: =R74*$K73/100 -> 0 | BT74: =S74*$K73/100 -> 0 | BU74: =T74*$K73/100 -> 0 | ... CX74: =AW74*$K73/100 -> 0 | DB74: =SUM(BN74:CY74) -> 0 | DC74: =K74 -> 0
A75: 1.12 | B75: งานเขื่อนป้องกันตลิ่ง แบบที่ 7 | C75: เหมาจ่าย | D75: 1 | E75: =F75*100/SUM(K75) -> 0 | F75: =K75*SUM(M75:AG75)/100 -> 0 | H75: =SUM(L76:AJ76) -> 0 | I75: ='BOQ แก้ไขสัญญา'!AF50 -> 1597253 | J75: =D75*I75 -> 1597253 | K75: =J75*100/GTotal -> 0.66972128 | AR75: 10 | AS75: 10 | AT75: 20 | AU75: 20 | AV75: 20 | AW75: 20 | BL75: 1 | BN75: =M75*$K75/100 -> 0 | BO75: =N75*$K75/100 -> 0 | BP75: =O75*$K75/100 -> 0 | BQ75: =P75*$K75/100 -> 0 | BR75: =Q75*$K75/100 -> 0 | BS75: =R75*$K75/100 -> 0 | BT75: =S75*$K75/100 -> 0 | BU75: =T75*$K75/100 -> 0 | ... CX75: =AW75*$K75/100 -> 0.13394426 | DB75: =SUM(BN75:CY75) -> 0.66972128 | DC75: =K75 -> 0.66972128
BL76: 0 | BN76: =M76*$K75/100 -> 0 | BO76: =N76*$K75/100 -> 0 | BP76: =O76*$K75/100 -> 0 | BQ76: =P76*$K75/100 -> 0 | BR76: =Q76*$K75/100 -> 0 | BS76: =R76*$K75/100 -> 0 | BT76: =S76*$K75/100 -> 0 | BU76: =T76*$K75/100 -> 0 | ... CX76: =AW76*$K75/100 -> 0 | DB76: =SUM(BN76:CY76) -> 0 | DC76: =K76 -> 0
A77: 2 | B77: งานปรับปรุงภูมิทัศน์ | DB77: =SUM(BN77:CY77) -> 0 | DC77: =K77 -> 0
DB78: =SUM(BN78:CY78) -> 0 | DC78: =K78 -> 0
A79: 2.1 | B79: งานปรับปรุงภูมิทัศน์บริเวณลานทางเข้าเทศบาลตำบลหัวรอ | C79: เหมาจ่าย | D79: 1 | E79: =F79*100/SUM(K79) -> 0 | F79: =K79*SUM(M79:AG79)/100 -> 0 | G79: =D79*H79/100 -> 0 | H79: =SUM(L80:AJ80) -> 0 | I79: ='BOQ แก้ไขสัญญา'!AF52 -> 3297434 | J79: =D79*I79 -> 3297434 | K79: =J79*100/GTotal -> 1.3825998 | AR79: 20 | AS79: 20 | AT79: 20 | AU79: 20 | AV79: 20 | BL79: 1 | BN79: =M79*$K79/100 -> 0 | BO79: =N79*$K79/100 -> 0 | BP79: =O79*$K79/100 -> 0 | BQ79: =P79*$K79/100 -> 0 | BR79: =Q79*$K79/100 -> 0 | BS79: =R79*$K79/100 -> 0 | BT79: =S79*$K79/100 -> 0 | BU79: =T79*$K79/100 -> 0 | ... CX79: =AW79*$K79/100 -> 0 | DB79: =SUM(BN79:CY79) -> 1.3825998 | DC79: =K79 -> 1.3825998
BL80: 0 | BN80: =M80*$K79/100 -> 0 | BO80: =N80*$K79/100 -> 0 | BP80: =O80*$K79/100 -> 0 | BQ80: =P80*$K79/100 -> 0 | BR80: =Q80*$K79/100 -> 0 | BS80: =R80*$K79/100 -> 0 | BT80: =S80*$K79/100 -> 0 | BU80: =T80*$K79/100 -> 0 | ... CX80: =AW80*$K79/100 -> 0 | DB80: =SUM(BN80:CY80) -> 0 | DC80: =K80 -> 0
A81: 2.2 | B81: งานปรับปรุงทางปั่นจักรยาน ริมเขื่อนป้องกันตลิ่งบริเวณวัดโพธิญาณ - ชุมชนวัดน้อย ตำบลในเมือง | C81: เหมาจ่าย | D81: 1 | E81: =F81*100/SUM(K81) -> 0 | F81: =K81*SUM(M81:AG81)/100 -> 0 | G81: =D81*H81/100 -> 0.00157 | H81: =SUM(L82:AJ82) -> 0.157 | I81: ='BOQ แก้ไขสัญญา'!AF53 -> 22731675 | J81: =D81*I81 -> 22731675 | K81: =J81*100/GTotal -> 9.5312931 | AN81: 10 | AO81: 10 | AP81: 10 | AQ81: 10 | AR81: 10 | AS81: 10 | AT81: 10 | AU81: 10 | AV81: 10 | AW81: 10 | BL81: 1 | BN81: =M81*$K81/100 -> 0 | BO81: =N81*$K81/100 -> 0 | BP81: =O81*$K81/100 -> 0 | BQ81: =P81*$K81/100 -> 0 | BR81: =Q81*$K81/100 -> 0 | BS81: =R81*$K81/100 -> 0 | BT81: =S81*$K81/100 -> 0 | BU81: =T81*$K81/100 -> 0 | ... CX81: =AW81*$K81/100 -> 0.95312931 | DB81: =SUM(BN81:CY81) -> 9.5312931 | DC81: =K81 -> 9.5312931
N82: 0.157 | AZ82: 30 | BL82: 0 | BN82: =M82*$K81/100 -> 0 | BO82: =N82*$K81/100 -> 0.01496413 | BP82: =O82*$K81/100 -> 0 | BQ82: =P82*$K81/100 -> 0 | BR82: =Q82*$K81/100 -> 0 | BS82: =R82*$K81/100 -> 0 | BT82: =S82*$K81/100 -> 0 | BU82: =T82*$K81/100 -> 0 | ... CX82: =AW82*$K81/100 -> 0 | DB82: =SUM(BN82:CY82) -> 0.01496413 | DC82: =K82 -> 0
A83: 3 | B83: งานทาง | DB83: =SUM(BN83:CY83) -> 0 | DC83: =K83 -> 0
DB84: =SUM(BN84:CY84) -> 0 | DC84: =K84 -> 0
A85: 3.1 | B85: งานถนนสาย F ช่วงที่ 1 | C85: เหมาจ่าย | D85: 1 | E85: =F85*100/SUM(K85) -> 0 | F85: =K85*SUM(M85:AG85)/100 -> 0 | G85: =D85*H85/100 -> 0.1623 | H85: =SUM(L86:AJ86) -> 16.23 | I85: ='BOQ แก้ไขสัญญา'!AF55 -> 20579504 | J85: =D85*I85 -> 20579504 | K85: =J85*100/GTotal -> 8.6288971 | AM85: 4 | AN85: 4 | AO85: 4 | AP85: 4 | AQ85: 4 | AR85: 4 | AS85: 10 | AT85: 10 | AU85: 10 | AV85: 25 | AW85: 21 | BL85: 1 | BN85: =M85*$K85/100 -> 0 | BO85: =N85*$K85/100 -> 0 | BP85: =O85*$K85/100 -> 0 | BQ85: =P85*$K85/100 -> 0 | BR85: =Q85*$K85/100 -> 0 | BS85: =R85*$K85/100 -> 0 | BT85: =S85*$K85/100 -> 0 | BU85: =T85*$K85/100 -> 0 | ... CX85: =AW85*$K85/100 -> 1.8120684 | DB85: =SUM(BN85:CY85) -> 8.6288971 | DC85: =K85 -> 8.6288971
AA86: 16.23 | BL86: 0 | BN86: =M86*$K85/100 -> 0 | BO86: =N86*$K85/100 -> 0 | BP86: =O86*$K85/100 -> 0 | BQ86: =P86*$K85/100 -> 0 | BR86: =Q86*$K85/100 -> 0 | BS86: =R86*$K85/100 -> 0 | BT86: =S86*$K85/100 -> 0 | BU86: =T86*$K85/100 -> 0 | ... CX86: =AW86*$K85/100 -> 0 | DB86: =SUM(BN86:CY86) -> 1.40047 | DC86: =K86 -> 0
A87: 3.2 | B87: งานถนนสาย F ช่วงที่ 2 | C87: เหมาจ่าย | D87: 1 | E87: =F87*100/SUM(K87) -> 0 | F87: =K87*SUM(M87:AG87)/100 -> 0 | G87: =D87*H87/100 -> 0.26986 | H87: =SUM(L88:AJ88) -> 26.986 | I87: ='BOQ แก้ไขสัญญา'!AF56 -> 17824270 | J87: =D87*I87 -> 17824270 | K87: =J87*100/GTotal -> 7.4736394 | AL87: 5 | AM87: 5 | AN87: 5 | AO87: 5 | AP87: 5 | AQ87: 5 | AR87: 15 | AS87: 20 | AT87: 35 | BL87: 1 | BN87: =M87*$K87/100 -> 0 | BO87: =N87*$K87/100 -> 0 | BP87: =O87*$K87/100 -> 0 | BQ87: =P87*$K87/100 -> 0 | BR87: =Q87*$K87/100 -> 0 | BS87: =R87*$K87/100 -> 0 | BT87: =S87*$K87/100 -> 0 | BU87: =T87*$K87/100 -> 0 | ... CX87: =AW87*$K87/100 -> 0 | DB87: =SUM(BN87:CY87) -> 7.4736394 | DC87: =K87 -> 7.4736394
AB88: 26.986 | BL88: 0 | BN88: =M88*$K87/100 -> 0 | BO88: =N88*$K87/100 -> 0 | BP88: =O88*$K87/100 -> 0 | BQ88: =P88*$K87/100 -> 0 | BR88: =Q88*$K87/100 -> 0 | BS88: =R88*$K87/100 -> 0 | BT88: =S88*$K87/100 -> 0 | BU88: =T88*$K87/100 -> 0 | ... CX88: =AW88*$K87/100 -> 0 | DB88: =SUM(BN88:CY88) -> 2.0168363 | DC88: =K88 -> 0
A89: 3.3 | B89: งานถนนสาย F ช่วงที่ 3 | C89: เหมาจ่าย | D89: 1 | E89: =F89*100/SUM(K89) -> 0 | F89: =K89*SUM(M89:AG89)/100 -> 0 | G89: =D89*H89/100 -> 0.21559 | H89: =SUM(L90:AJ90) -> 21.559 | I89: ='BOQ แก้ไขสัญญา'!AF57 -> 24768803 | J89: =D89*I89 -> 24768803 | K89: =J89*100/GTotal -> 10.385452 | AJ89: 8 | AK89: 8 | AL89: 8 | AM89: 8 | AN89: 8 | AO89: 10 | AP89: 20 | AQ89: 20 | AR89: 10 | BL89: 1 | BN89: =M89*$K89/100 -> 0 | BO89: =N89*$K89/100 -> 0 | BP89: =O89*$K89/100 -> 0 | BQ89: =P89*$K89/100 -> 0 | BR89: =Q89*$K89/100 -> 0 | BS89: =R89*$K89/100 -> 0 | BT89: =S89*$K89/100 -> 0 | BU89: =T89*$K89/100 -> 0 | ... CX89: =AW89*$K89/100 -> 0 | DB89: =SUM(BN89:CY89) -> 10.385452 | DC89: =K89 -> 10.385452
AA90: 21.559 | BL90: 0 | BN90: =M90*$K89/100 -> 0 | BO90: =N90*$K89/100 -> 0 | BP90: =O90*$K89/100 -> 0 | BQ90: =P90*$K89/100 -> 0 | BR90: =Q90*$K89/100 -> 0 | BS90: =R90*$K89/100 -> 0 | BT90: =S90*$K89/100 -> 0 | BU90: =T90*$K89/100 -> 0 | ... CX90: =AW90*$K89/100 -> 0 | DB90: =SUM(BN90:CY90) -> 2.2389996 | DC90: =K90 -> 0
A91: 3.4 | B91: งานถนนสาย G | C91: เหมาจ่าย | D91: 1 | E91: =F91*100/SUM(K91) -> 0 | F91: =K91*SUM(M91:AG91)/100 -> 0 | G91: =D91*H91/100 -> 0 | H91: =SUM(L92:AJ92) -> 0 | I91: ='BOQ แก้ไขสัญญา'!AF58 -> 2252864 | J91: =D91*I91 -> 2252864 | K91: =J91*100/GTotal -> 0.94461614 | AN91: 0 | AO91: 0 | AP91: 10 | AQ91: 10 | AR91: 10 | AS91: 10 | AT91: 15 | AU91: 15 | AV91: 15 | AW91: 15 | BL91: 1 | BN91: =M91*$K91/100 -> 0 | BO91: =N91*$K91/100 -> 0 | BP91: =O91*$K91/100 -> 0 | BQ91: =P91*$K91/100 -> 0 | BR91: =Q91*$K91/100 -> 0 | BS91: =R91*$K91/100 -> 0 | BT91: =S91*$K91/100 -> 0 | BU91: =T91*$K91/100 -> 0 | ... CX91: =AW91*$K91/100 -> 0.14169242 | DB91: =SUM(BN91:CY91) -> 0.94461614 | DC91: =K91 -> 0.94461614
AZ92: 20 | BL92: 0 | BN92: =M92*$K91/100 -> 0 | BO92: =N92*$K91/100 -> 0 | BP92: =O92*$K91/100 -> 0 | BQ92: =P92*$K91/100 -> 0 | BR92: =Q92*$K91/100 -> 0 | BS92: =R92*$K91/100 -> 0 | BT92: =S92*$K91/100 -> 0 | BU92: =T92*$K91/100 -> 0 | ... CX92: =AW92*$K91/100 -> 0 | DB92: =SUM(BN92:CY92) -> 0 | DC92: =K92 -> 0
A93: 3.5 | B93: งานถนนสาย H | C93: เหมาจ่าย | D93: 1 | E93: =F93*100/SUM(K93) -> 0 | F93: =K93*SUM(M93:AG93)/100 -> 0 | G93: =D93*H93/100 -> 0 | H93: =SUM(L94:AJ94) -> 0 | I93: ='BOQ แก้ไขสัญญา'!AF59 -> 1866144 | J93: =D93*I93 -> 1866144 | K93: =J93*100/GTotal -> 0.78246612 | AN93: 5 | AO93: 5 | AP93: 5 | AQ93: 5 | AR93: 5 | AS93: 5 | AT93: 10 | AU93: 10 | AV93: 25 | AW93: 25 | BL93: 1 | BN93: =M93*$K93/100 -> 0 | BO93: =N93*$K93/100 -> 0 | BP93: =O93*$K93/100 -> 0 | BQ93: =P93*$K93/100 -> 0 | BR93: =Q93*$K93/100 -> 0 | BS93: =R93*$K93/100 -> 0 | BT93: =S93*$K93/100 -> 0 | BU93: =T93*$K93/100 -> 0 | ... CX93: =AW93*$K93/100 -> 0.19561653 | DB93: =SUM(BN93:CY93) -> 0.78246612 | DC93: =K93 -> 0.78246612
BL94: 0 | BN94: =M94*$K93/100 -> 0 | BO94: =N94*$K93/100 -> 0 | BP94: =O94*$K93/100 -> 0 | BQ94: =P94*$K93/100 -> 0 | BR94: =Q94*$K93/100 -> 0 | BS94: =R94*$K93/100 -> 0 | BT94: =S94*$K93/100 -> 0 | BU94: =T94*$K93/100 -> 0 | ... CX94: =AW94*$K93/100 -> 0 | DB94: =SUM(BN94:CY94) -> 0 | DC94: =K94 -> 0
A95: 3.6 | B95: งานถนนสาย D | C95: เหมาจ่าย | D95: 1 | E95: =F95*100/SUM(K95) -> 90 | F95: =K95*SUM(M95:AG95)/100 -> 5.8145631 | G95: =D95*H95/100 -> 0.77426 | H95: =SUM(L96:AJ96) -> 77.426 | I95: ='BOQ แก้ไขสัญญา'!AF60 -> 15408281 | J95: =D95*I95 -> 15408281 | K95: =J95*100/GTotal -> 6.4606257 | AA95: 4 | AB95: 4 | AC95: 16 | AD95: 16 | AE95: 15 | AF95: 15 | AG95: 20 | AH95: 10 | BL95: 1 | BN95: =M95*$K95/100 -> 0 | BO95: =N95*$K95/100 -> 0 | BP95: =O95*$K95/100 -> 0 | BQ95: =P95*$K95/100 -> 0 | BR95: =Q95*$K95/100 -> 0 | BS95: =R95*$K95/100 -> 0 | BT95: =S95*$K95/100 -> 0 | BU95: =T95*$K95/100 -> 0 | ... CX95: =AW95*$K95/100 -> 0 | DB95: =SUM(BN95:CY95) -> 6.4606257 | DC95: =K95 -> 6.4606257
AA96: 22.066 | AB96: 22.066 | AG96: =77.426-AA96-AB96 -> 33.294 | BL96: 0 | BN96: =M96*$K95/100 -> 0 | BO96: =N96*$K95/100 -> 0 | BP96: =O96*$K95/100 -> 0 | BQ96: =P96*$K95/100 -> 0 | BR96: =Q96*$K95/100 -> 0 | BS96: =R96*$K95/100 -> 0 | BT96: =S96*$K95/100 -> 0 | BU96: =T96*$K95/100 -> 0 | ... CX96: =AW96*$K95/100 -> 0 | DB96: =SUM(BN96:CY96) -> 5.002204 | DC96: =K96 -> 0
A97: 3.7 | B97: งานถนนสาย B | C97: เหมาจ่าย | D97: 1 | E97: =F97*100/SUM(K97) -> 30 | F97: =K97*SUM(M97:AG97)/100 -> 1.8877437 | G97: =D97*H97/100 -> 0.16725 | H97: =SUM(L98:AJ98) -> 16.725 | I97: ='BOQ แก้ไขสัญญา'!AF61 -> 15007259 | J97: =D97*I97 -> 15007259 | K97: =J97*100/GTotal -> 6.2924789 | AC97: 5 | AD97: 5 | AE97: 5 | AF97: 5 | AG97: 10 | AH97: 10 | AI97: 10 | AJ97: 10 | AK97: 10 | AL97: 10 | AM97: 10 | AN97: 10 | BL97: 1 | BN97: =M97*$K97/100 -> 0 | BO97: =N97*$K97/100 -> 0 | BP97: =O97*$K97/100 -> 0 | BQ97: =P97*$K97/100 -> 0 | BR97: =Q97*$K97/100 -> 0 | BS97: =R97*$K97/100 -> 0 | BT97: =S97*$K97/100 -> 0 | BU97: =T97*$K97/100 -> 0 | ... CX97: =AW97*$K97/100 -> 0 | DB97: =SUM(BN97:CY97) -> 6.2924789 | DC97: =K97 -> 6.2924789
AA98: 16.725 | BL98: 0 | BN98: =M98*$K97/100 -> 0 | BO98: =N98*$K97/100 -> 0 | BP98: =O98*$K97/100 -> 0 | BQ98: =P98*$K97/100 -> 0 | BR98: =Q98*$K97/100 -> 0 | BS98: =R98*$K97/100 -> 0 | BT98: =S98*$K97/100 -> 0 | BU98: =T98*$K97/100 -> 0 | ... CX98: =AW98*$K97/100 -> 0 | DB98: =SUM(BN98:CY98) -> 1.0524171 | DC98: =K98 -> 0
A99: 3.8 | B99: งานถนนสาย E | C99: เหมาจ่าย | D99: 1 | E99: =F99*100/SUM(K99) -> 15 | F99: =K99*SUM(M99:AG99)/100 -> 1.6455419 | G99: =D99*H99/100 -> 0.32947 | H99: =SUM(L100:AJ100) -> 32.947 | I99: ='BOQ แก้ไขสัญญา'!AF62 -> 26163587 | J99: =D99*I99 -> 26163587 | K99: =J99*100/GTotal -> 10.970279 | AG99: 15 | AH99: 15 | AI99: 15 | AJ99: 10 | AK99: 10 | AL99: 10 | AM99: 10 | AN99: 15 | BL99: 1 | BN99: =M99*$K99/100 -> 0 | BO99: =N99*$K99/100 -> 0 | BP99: =O99*$K99/100 -> 0 | BQ99: =P99*$K99/100 -> 0 | BR99: =Q99*$K99/100 -> 0 | BS99: =R99*$K99/100 -> 0 | BT99: =S99*$K99/100 -> 0 | BU99: =T99*$K99/100 -> 0 | ... CX99: =AW99*$K99/100 -> 0 | DB99: =SUM(BN99:CY99) -> 10.970279 | DC99: =K99 -> 10.970279
AA100: 32.947 | BL100: 0 | BN100: =M100*$K99/100 -> 0 | BO100: =N100*$K99/100 -> 0 | BP100: =O100*$K99/100 -> 0 | BQ100: =P100*$K99/100 -> 0 | BR100: =Q100*$K99/100 -> 0 | BS100: =R100*$K99/100 -> 0 | BT100: =S100*$K99/100 -> 0 | BU100: =T100*$K99/100 -> 0 | ... CX100: =AW100*$K99/100 -> 0 | DB100: =SUM(BN100:CY100) -> 3.6143778 | DC100: =K100 -> 0
A101: 3.9 | B101: งานถนนสาย J | C101: เหมาจ่าย | D101: 1 | E101: =F101*100/SUM(K101) -> 0 | F101: =K101*SUM(M101:AG101)/100 -> 0 | G101: =D101*H101/100 -> 0 | H101: =SUM(L102:AJ102) -> 0 | I101: ='BOQ แก้ไขสัญญา'!AF63 -> 1519335 | J101: =D101*I101 -> 1519335 | K101: =J101*100/GTotal -> 0.6370506 | AQ101: 15 | AR101: 15 | AS101: 15 | AT101: 15 | AU101: 20 | AV101: 20 | BL101: 1 | BN101: =M101*$K101/100 -> 0 | BO101: =N101*$K101/100 -> 0 | BP101: =O101*$K101/100 -> 0 | BQ101: =P101*$K101/100 -> 0 | BR101: =Q101*$K101/100 -> 0 | BS101: =R101*$K101/100 -> 0 | BT101: =S101*$K101/100 -> 0 | BU101: =T101*$K101/100 -> 0 | ... CX101: =AW101*$K101/100 -> 0 | DB101: =SUM(BN101:CY101) -> 0.6370506 | DC101: =K101 -> 0.6370506
BL102: 0 | BN102: =M102*$K101/100 -> 0 | BO102: =N102*$K101/100 -> 0 | BP102: =O102*$K101/100 -> 0 | BQ102: =P102*$K101/100 -> 0 | BR102: =Q102*$K101/100 -> 0 | BS102: =R102*$K101/100 -> 0 | BT102: =S102*$K101/100 -> 0 | BU102: =T102*$K101/100 -> 0 | ... CX102: =AW102*$K101/100 -> 0 | DB102: =SUM(BN102:CY102) -> 0 | DC102: =K102 -> 0
A103: 3.1 | B103: งานปรับปรุงยกระดับฝาท่อระบายน้ำ | C103: เหมาจ่าย | D103: 1 | E103: =F103*100/SUM(K103) -> 10 | F103: =K103*SUM(M103:AG103)/100 -> 0.18582166 | G103: =D103*H103/100 -> 0 | H103: =SUM(L104:AJ104) -> 0 | I103: ='BOQ แก้ไขสัญญา'!AF64 -> 4431757 | J103: =D103*I103 -> 4431757 | K103: =J103*100/GTotal -> 1.8582166 | AG103: 10 | AH103: 10 | AI103: 15 | AJ103: 10 | AK103: 10 | AL103: 10 | AM103: 10 | AN103: 10 | AO103: 10 | AP103: 5 | AZ103: 10 | BL103: 1 | BN103: =M103*$K103/100 -> 0 | BO103: =N103*$K103/100 -> 0 | BP103: =O103*$K103/100 -> 0 | BQ103: =P103*$K103/100 -> 0 | BR103: =Q103*$K103/100 -> 0 | BS103: =R103*$K103/100 -> 0 | BT103: =S103*$K103/100 -> 0 | BU103: =T103*$K103/100 -> 0 | ... CX103: =AW103*$K103/100 -> 0 | DB103: =SUM(BN103:CY103) -> 1.8582166 | DC103: =K103 -> 1.8582166
BL104: 0 | BN104: =M104*$K103/100 -> 0 | BO104: =N104*$K103/100 -> 0 | BP104: =O104*$K103/100 -> 0 | BQ104: =P104*$K103/100 -> 0 | BR104: =Q104*$K103/100 -> 0 | BS104: =R104*$K103/100 -> 0 | BT104: =S104*$K103/100 -> 0 | BU104: =T104*$K103/100 -> 0 | ... CX104: =AW104*$K103/100 -> 0 | DB104: =SUM(BN104:CY104) -> 0 | DC104: =K104 -> 0
A105: 4 | B105: งานเครื่องจักรและอุปกรณ์และงานอื่นๆ | DB105: =SUM(BN105:CY105) -> 0 | DC105: =K105 -> 0
DB106: =SUM(BN106:CY106) -> 0 | DC106: =K106 -> 0
A107: 4.1 | B107: งานเครื่องสูบน้ำ พร้อมอุปกรณ์ | C107: เหมาจ่าย | D107: 1 | E107: =F107*100/SUM(K107) -> 0 | F107: =K107*SUM(M107:AG107)/100 -> 0 | G107: =D107*H107/100 -> 0 | H107: =SUM(L108:AJ108) -> 0 | I107: ='BOQ แก้ไขสัญญา'!AF64 -> 4431757 | J107: ='BOQ แก้ไขสัญญา'!AF66 -> 2540833 | K107: =J107*100/GTotal -> 1.0653603 | AI107: 5 | AJ107: 10 | AK107: 25 | AL107: 25 | AM107: 25 | AN107: 10 | BL107: 1 | BN107: =M107*$K107/100 -> 0 | BO107: =N107*$K107/100 -> 0 | BP107: =O107*$K107/100 -> 0 | BQ107: =P107*$K107/100 -> 0 | BR107: =Q107*$K107/100 -> 0 | BS107: =R107*$K107/100 -> 0 | BT107: =S107*$K107/100 -> 0 | BU107: =T107*$K107/100 -> 0 | ... CX107: =AW107*$K107/100 -> 0 | DB107: =SUM(BN107:CY107) -> 1.0653603 | DC107: =K107 -> 1.0653603
...

Sheet ผลงานรายสัปดาห์(%)
B2: ลำดับ | C2: รายการ | D2: หน่วย | E2: ปริมาณ | F2: ผลงาน | G2: % | H2: ราคาต่อหน่วย | I2: จำนวนเงิน | J2: % | L2: สะสมสัปดาก่อน (%) | M2: สะสมสัปดานี้ (%) | O2: รายการ | P2: 2567 | U2: 2568
B3: ที่ | H3: (บาท) | I3: (บาท) | P3: 243831 | U3: เดือนกันยายน | Z3: เดือนตุลาคม | AE3: เดือนพฤศจิกายน | AJ3: เดือนธันวาคม | AO3: เดือนมกราคม
B4: 1 | C4: งานเขื่อนป้องกันตลิ่ง | F4: =[1]แผนการก่อสร้าง!E9 -> 0 | G4: =[1]แผนการก่อสร้าง!F9 -> 0 | O4: งานเขื่อนป้องกันตลิ่ง | P4: 1 - 7 | Q4: 8 - 15 | R4: 16 - 23 | S4: 24 - 30 | T4: รวม | U4: 1 - 7 | V4: 8 - 15 | W4: 16 - 23 | X4: 24 - 30 | Y4: รวม | Z4: 1 - 7 | AA4: 8 - 15 | AB4: 16 - 23 | AC4: 24 - 30 | AD4: รวม | AE4: 1 - 7 | AF4: 8 - 15 | AG4: 16 - 23 | AH4: 24 - 30 | AI4: รวม | AJ4: 1 - 7 | AK4: 8 - 15 | AL4: 16 - 23 | AM4: 24 - 30 | AN4: รวม | AO4: 1 - 7 | AP4: 8 - 15 | AQ4: 16 - 23 | AR4: 24 - 30 | AS4: รวม
B6: 1.1 | C6: งานเขื่อนป้องกันตลิ่ง แบบที่ 1 | D6: เหมาจ่าย | E6: 1 | F6: =แผนการก่อสร้าง!G11 -> 0.07212 | G6: =แผนการก่อสร้าง!H11 -> 7.212 | H6: 5090507 | I6: 5090507 | J6: 2.1344276 | O6: งานเขื่อนป้องกันตลิ่ง แบบที่ 1
L7: =('ผลงานรายสัปดาห์(เงิน)'!L7)*100/$I6 -> 7.2172379 | M7: =('ผลงานรายสัปดาห์(เงิน)'!M7)*100/$I6 -> 7.2172379 | P7: =('ผลงานรายสัปดาห์(เงิน)'!P7)*100/$I6 -> 0 | Q7: =('ผลงานรายสัปดาห์(เงิน)'!Q7)*100/$I6 -> 0 | R7: =('ผลงานรายสัปดาห์(เงิน)'!R7)*100/$I6 -> 0 | S7: =('ผลงานรายสัปดาห์(เงิน)'!S7)*100/$I6 -> 4.2705766 | T7: 217394 | U7: =('ผลงานรายสัปดาห์(เงิน)'!U7)*100/$I6 -> 0 | V7: =('ผลงานรายสัปดาห์(เงิน)'!V7)*100/$I6 -> 0 | W7: =('ผลงานรายสัปดาห์(เงิน)'!W7)*100/$I6 -> 2.9466613 | X7: =('ผลงานรายสัปดาห์(เงิน)'!X7)*100/$I6 -> 0 | Y7: =SUM(U7:X7) -> 2.9466613 | Z7: =('ผลงานรายสัปดาห์(เงิน)'!Z7)*100/$I6 -> 0 | AA7: =('ผลงานรายสัปดาห์(เงิน)'!AA7)*100/$I6 -> 0 | AB7: =('ผลงานรายสัปดาห์(เงิน)'!AB7)*100/$I6 -> 0 | AC7: =('ผลงานรายสัปดาห์(เงิน)'!AC7)*100/$I6 -> 0 | AD7: =SUM(Z7:AC7) -> 0 | AE7: =('ผลงานรายสัปดาห์(เงิน)'!AE7)*100/$I6 -> 0 | AF7: =('ผลงานรายสัปดาห์(เงิน)'!AF7)*100/$I6 -> 0 | AG7: =('ผลงานรายสัปดาห์(เงิน)'!AG7)*100/$I6 -> 0 | AH7: =('ผลงานรายสัปดาห์(เงิน)'!AH7)*100/$I6 -> 0 | AI7: =SUM(AE7:AH7) -> 0 | AJ7: =('ผลงานรายสัปดาห์(เงิน)'!AJ7)*100/$I6 -> 0 | AK7: =('ผลงานรายสัปดาห์(เงิน)'!AK7)*100/$I6 -> 0 | AL7: =('ผลงานรายสัปดาห์(เงิน)'!AL7)*100/$I6 -> 0 | AM7: =('ผลงานรายสัปดาห์(เงิน)'!AM7)*100/$I6 -> 0
B8: -1 | C8: งานคาน | D8: เหมาจ่าย | E8: 1 | F8: =แผนการก่อสร้าง!G13 -> 0 | G8: =แผนการก่อสร้าง!H13 -> 0 | H8: 2151709 | I8: 2151709 | J8: 0.90220229 | O8: งานคาน
L9: =('ผลงานรายสัปดาห์(เงิน)'!L9)*100/$I8 -> 0 | M9: =('ผลงานรายสัปดาห์(เงิน)'!M9)*100/$I8 -> 0 | P9: =('ผลงานรายสัปดาห์(เงิน)'!P9)*100/$I8 -> 0 | Q9: =('ผลงานรายสัปดาห์(เงิน)'!Q9)*100/$I8 -> 0 | R9: =('ผลงานรายสัปดาห์(เงิน)'!R9)*100/$I8 -> 0 | S9: =('ผลงานรายสัปดาห์(เงิน)'!S9)*100/$I8 -> 0 | T9: =SUM(P9:S9) -> 0 | U9: =('ผลงานรายสัปดาห์(เงิน)'!U9)*100/$I8 -> 0 | V9: =('ผลงานรายสัปดาห์(เงิน)'!V9)*100/$I8 -> 0 | W9: =('ผลงานรายสัปดาห์(เงิน)'!W9)*100/$I8 -> 0 | X9: =('ผลงานรายสัปดาห์(เงิน)'!X9)*100/$I8 -> 0 | Y9: 0 | Z9: =('ผลงานรายสัปดาห์(เงิน)'!Z9)*100/$I8 -> 0 | AA9: =('ผลงานรายสัปดาห์(เงิน)'!AA9)*100/$I8 -> 0 | AB9: =('ผลงานรายสัปดาห์(เงิน)'!AB9)*100/$I8 -> 0 | AC9: =('ผลงานรายสัปดาห์(เงิน)'!AC9)*100/$I8 -> 0 | AD9: 0 | AE9: =('ผลงานรายสัปดาห์(เงิน)'!AE9)*100/$I8 -> 0 | AF9: =('ผลงานรายสัปดาห์(เงิน)'!AF9)*100/$I8 -> 0 | AG9: =('ผลงานรายสัปดาห์(เงิน)'!AG9)*100/$I8 -> 0 | AH9: =('ผลงานรายสัปดาห์(เงิน)'!AH9)*100/$I8 -> 0 | AI9: 0 | AJ9: =('ผลงานรายสัปดาห์(เงิน)'!AJ9)*100/$I8 -> 0 | AK9: =('ผลงานรายสัปดาห์(เงิน)'!AK9)*100/$I8 -> 0 | AL9: =('ผลงานรายสัปดาห์(เงิน)'!AL9)*100/$I8 -> 0 | AM9: =('ผลงานรายสัปดาห์(เงิน)'!AM9)*100/$I8 -> 0
B10: -2 | C10: งานกำแพง w15+ บันได | D10: เหมาจ่าย | E10: 1 | F10: =แผนการก่อสร้าง!G15 -> 0 | G10: =แผนการก่อสร้าง!H15 -> 0 | H10: 906762 | I10: 906762 | J10: 0.38020139 | O10: งานกำแพง w15+ บันได
L11: =('ผลงานรายสัปดาห์(เงิน)'!L11)*100/$I10 -> 0 | M11: =('ผลงานรายสัปดาห์(เงิน)'!M11)*100/$I10 -> 0 | P11: =('ผลงานรายสัปดาห์(เงิน)'!P11)*100/$I10 -> 0 | Q11: =('ผลงานรายสัปดาห์(เงิน)'!Q11)*100/$I10 -> 0 | R11: =('ผลงานรายสัปดาห์(เงิน)'!R11)*100/$I10 -> 0 | S11: =('ผลงานรายสัปดาห์(เงิน)'!S11)*100/$I10 -> 0 | T11: =SUM(P11:S11) -> 0 | U11: =('ผลงานรายสัปดาห์(เงิน)'!U11)*100/$I10 -> 0 | V11: =('ผลงานรายสัปดาห์(เงิน)'!V11)*100/$I10 -> 0 | W11: =('ผลงานรายสัปดาห์(เงิน)'!W11)*100/$I10 -> 0 | X11: =('ผลงานรายสัปดาห์(เงิน)'!X11)*100/$I10 -> 0 | Y11: =SUM(U11:X11) -> 0 | Z11: =('ผลงานรายสัปดาห์(เงิน)'!Z11)*100/$I10 -> 0 | AA11: =('ผลงานรายสัปดาห์(เงิน)'!AA11)*100/$I10 -> 0 | AB11: =('ผลงานรายสัปดาห์(เงิน)'!AB11)*100/$I10 -> 0 | AC11: =('ผลงานรายสัปดาห์(เงิน)'!AC11)*100/$I10 -> 0 | AD11: =SUM(Z11:AC11) -> 0 | AE11: =('ผลงานรายสัปดาห์(เงิน)'!AE11)*100/$I10 -> 0 | AF11: =('ผลงานรายสัปดาห์(เงิน)'!AF11)*100/$I10 -> 0 | AG11: =('ผลงานรายสัปดาห์(เงิน)'!AG11)*100/$I10 -> 0 | AH11: =('ผลงานรายสัปดาห์(เงิน)'!AH11)*100/$I10 -> 0 | AI11: =SUM(AE11:AH11) -> 0 | AJ11: =('ผลงานรายสัปดาห์(เงิน)'!AJ11)*100/$I10 -> 0 | AK11: =('ผลงานรายสัปดาห์(เงิน)'!AK11)*100/$I10 -> 0 | AL11: =('ผลงานรายสัปดาห์(เงิน)'!AL11)*100/$I10 -> 0 | AM11: =('ผลงานรายสัปดาห์(เงิน)'!AM11)*100/$I10 -> 0
B12: -3 | C12: งานราวกันตก | D12: เหมาจ่าย | E12: 1 | F12: =แผนการก่อสร้าง!G17 -> 0 | G12: =แผนการก่อสร้าง!H17 -> 0 | H12: 1372327 | I12: 1372327 | J12: 0.57541078 | O12: งานราวกันตก
L13: =('ผลงานรายสัปดาห์(เงิน)'!L13)*100/$I12 -> 0 | M13: =('ผลงานรายสัปดาห์(เงิน)'!M13)*100/$I12 -> 0 | P13: =('ผลงานรายสัปดาห์(เงิน)'!P13)*100/$I12 -> 0 | Q13: =('ผลงานรายสัปดาห์(เงิน)'!Q13)*100/$I12 -> 0 | R13: =('ผลงานรายสัปดาห์(เงิน)'!R13)*100/$I12 -> 0 | S13: =('ผลงานรายสัปดาห์(เงิน)'!S13)*100/$I12 -> 0 | T13: =SUM(P13:S13) -> 0 | U13: =('ผลงานรายสัปดาห์(เงิน)'!U13)*100/$I12 -> 0 | V13: =('ผลงานรายสัปดาห์(เงิน)'!V13)*100/$I12 -> 0 | W13: =('ผลงานรายสัปดาห์(เงิน)'!W13)*100/$I12 -> 0 | X13: =('ผลงานรายสัปดาห์(เงิน)'!X13)*100/$I12 -> 0 | Y13: =SUM(U13:X13) -> 0 | Z13: =('ผลงานรายสัปดาห์(เงิน)'!Z13)*100/$I12 -> 0 | AA13: =('ผลงานรายสัปดาห์(เงิน)'!AA13)*100/$I12 -> 0 | AB13: =('ผลงานรายสัปดาห์(เงิน)'!AB13)*100/$I12 -> 0 | AC13: =('ผลงานรายสัปดาห์(เงิน)'!AC13)*100/$I12 -> 0 | AD13: =SUM(Z13:AC13) -> 0 | AE13: =('ผลงานรายสัปดาห์(เงิน)'!AE13)*100/$I12 -> 0 | AF13: =('ผลงานรายสัปดาห์(เงิน)'!AF13)*100/$I12 -> 0 | AG13: =('ผลงานรายสัปดาห์(เงิน)'!AG13)*100/$I12 -> 0 | AH13: =('ผลงานรายสัปดาห์(เงิน)'!AH13)*100/$I12 -> 0 | AI13: =SUM(AE13:AH13) -> 0 | AJ13: =('ผลงานรายสัปดาห์(เงิน)'!AJ13)*100/$I12 -> 0 | AK13: =('ผลงานรายสัปดาห์(เงิน)'!AK13)*100/$I12 -> 0 | AL13: =('ผลงานรายสัปดาห์(เงิน)'!AL13)*100/$I12 -> 0 | AM13: =('ผลงานรายสัปดาห์(เงิน)'!AM13)*100/$I12 -> 0
B14: -4 | C14: งานวัสดุปูพื้น | D14: เหมาจ่าย | E14: 1 | F14: =แผนการก่อสร้าง!G19 -> 0 | G14: =แผนการก่อสร้าง!H19 -> 0 | H14: 789372 | I14: 789372 | J14: 0.33098027 | O14: งานวัสดุปูพื้น
L15: =('ผลงานรายสัปดาห์(เงิน)'!L15)*100/$I14 -> 0 | M15: =('ผลงานรายสัปดาห์(เงิน)'!M15)*100/$I14 -> 0 | P15: =('ผลงานรายสัปดาห์(เงิน)'!P15)*100/$I14 -> 0 | Q15: =('ผลงานรายสัปดาห์(เงิน)'!Q15)*100/$I14 -> 0 | R15: =('ผลงานรายสัปดาห์(เงิน)'!R15)*100/$I14 -> 0 | S15: =('ผลงานรายสัปดาห์(เงิน)'!S15)*100/$I14 -> 0 | T15: =SUM(P15:S15) -> 0 | U15: =('ผลงานรายสัปดาห์(เงิน)'!U15)*100/$I14 -> 0 | V15: =('ผลงานรายสัปดาห์(เงิน)'!V15)*100/$I14 -> 0 | W15: =('ผลงานรายสัปดาห์(เงิน)'!W15)*100/$I14 -> 0 | X15: =('ผลงานรายสัปดาห์(เงิน)'!X15)*100/$I14 -> 0 | Y15: =SUM(U15:X15) -> 0 | Z15: =('ผลงานรายสัปดาห์(เงิน)'!Z15)*100/$I14 -> 0 | AA15: =('ผลงานรายสัปดาห์(เงิน)'!AA15)*100/$I14 -> 0 | AB15: =('ผลงานรายสัปดาห์(เงิน)'!AB15)*100/$I14 -> 0 | AC15: =('ผลงานรายสัปดาห์(เงิน)'!AC15)*100/$I14 -> 0 | AD15: =SUM(Z15:AC15) -> 0 | AE15: =('ผลงานรายสัปดาห์(เงิน)'!AE15)*100/$I14 -> 0 | AF15: =('ผลงานรายสัปดาห์(เงิน)'!AF15)*100/$I14 -> 0 | AG15: =('ผลงานรายสัปดาห์(เงิน)'!AG15)*100/$I14 -> 0 | AH15: =('ผลงานรายสัปดาห์(เงิน)'!AH15)*100/$I14 -> 0 | AI15: =SUM(AE15:AH15) -> 0 | AJ15: =('ผลงานรายสัปดาห์(เงิน)'!AJ15)*100/$I14 -> 0 | AK15: =('ผลงานรายสัปดาห์(เงิน)'!AK15)*100/$I14 -> 0 | AL15: =('ผลงานรายสัปดาห์(เงิน)'!AL15)*100/$I14 -> 0 | AM15: =('ผลงานรายสัปดาห์(เงิน)'!AM15)*100/$I14 -> 0
B16: 1.2 | C16: งานเขื่อนป้องกันตลิ่ง แบบที่ 2 | D16: เหมาจ่าย | E16: 1 | F16: =แผนการก่อสร้าง!G21 -> 0.00348 | G16: =แผนการก่อสร้าง!H21 -> 0.348 | H16: 5004503 | I16: 5004503 | J16: 2.0983665 | O16: งานเขื่อนป้องกันตลิ่ง แบบที่ 2
L17: =('ผลงานรายสัปดาห์(เงิน)'!L17)*100/$I16 -> 0.34756698 | M17: =('ผลงานรายสัปดาห์(เงิน)'!M17)*100/$I16 -> 0.34756698 | P17: =('ผลงานรายสัปดาห์(เงิน)'!P17)*100/$I16 -> 0 | Q17: =('ผลงานรายสัปดาห์(เงิน)'!Q17)*100/$I16 -> 0 | R17: =('ผลงานรายสัปดาห์(เงิน)'!R17)*100/$I16 -> 0 | S17: =('ผลงานรายสัปดาห์(เงิน)'!S17)*100/$I16 -> 0.34756698 | T17: 0.348 | U17: =('ผลงานรายสัปดาห์(เงิน)'!U17)*100/$I16 -> 0 | V17: =('ผลงานรายสัปดาห์(เงิน)'!V17)*100/$I16 -> 0 | W17: =('ผลงานรายสัปดาห์(เงิน)'!W17)*100/$I16 -> 0 | X17: =('ผลงานรายสัปดาห์(เงิน)'!X17)*100/$I16 -> 0 | Y17: =SUM(U17:X17) -> 0 | Z17: =('ผลงานรายสัปดาห์(เงิน)'!Z17)*100/$I16 -> 0 | AA17: =('ผลงานรายสัปดาห์(เงิน)'!AA17)*100/$I16 -> 0 | AB17: =('ผลงานรายสัปดาห์(เงิน)'!AB17)*100/$I16 -> 0 | AC17: =('ผลงานรายสัปดาห์(เงิน)'!AC17)*100/$I16 -> 0 | AD17: =SUM(Z17:AC17) -> 0 | AE17: =('ผลงานรายสัปดาห์(เงิน)'!AE17)*100/$I16 -> 0 | AF17: =('ผลงานรายสัปดาห์(เงิน)'!AF17)*100/$I16 -> 0 | AG17: =('ผลงานรายสัปดาห์(เงิน)'!AG17)*100/$I16 -> 0 | AH17: =('ผลงานรายสัปดาห์(เงิน)'!AH17)*100/$I16 -> 0 | AI17: =SUM(AE17:AH17) -> 0 | AJ17: =('ผลงานรายสัปดาห์(เงิน)'!AJ17)*100/$I16 -> 0 | AK17: =('ผลงานรายสัปดาห์(เงิน)'!AK17)*100/$I16 -> 0 | AL17: =('ผลงานรายสัปดาห์(เงิน)'!AL17)*100/$I16 -> 0 | AM17: =('ผลงานรายสัปดาห์(เงิน)'!AM17)*100/$I16 -> 0
B18: -1 | C18: งานคาน | D18: เหมาจ่าย | E18: 1 | F18: =แผนการก่อสร้าง!G23 -> 0 | G18: =แผนการก่อสร้าง!H23 -> 0 | H18: 1136018 | I18: 1136018 | J18: 0.47632744 | O18: งานคาน
L19: =('ผลงานรายสัปดาห์(เงิน)'!L19)*100/$I18 -> 0 | M19: =('ผลงานรายสัปดาห์(เงิน)'!M19)*100/$I18 -> 0 | P19: =('ผลงานรายสัปดาห์(เงิน)'!P19)*100/$I18 -> 0 | Q19: =('ผลงานรายสัปดาห์(เงิน)'!Q19)*100/$I18 -> 0 | R19: =('ผลงานรายสัปดาห์(เงิน)'!R19)*100/$I18 -> 0 | S19: =('ผลงานรายสัปดาห์(เงิน)'!S19)*100/$I18 -> 0 | T19: =SUM(P19:S19) -> 0 | U19: =('ผลงานรายสัปดาห์(เงิน)'!U19)*100/$I18 -> 0 | V19: =('ผลงานรายสัปดาห์(เงิน)'!V19)*100/$I18 -> 0 | W19: =('ผลงานรายสัปดาห์(เงิน)'!W19)*100/$I18 -> 0 | X19: =('ผลงานรายสัปดาห์(เงิน)'!X19)*100/$I18 -> 0 | Y19: =SUM(U19:X19) -> 0 | Z19: =('ผลงานรายสัปดาห์(เงิน)'!Z19)*100/$I18 -> 0 | AA19: =('ผลงานรายสัปดาห์(เงิน)'!AA19)*100/$I18 -> 0 | AB19: =('ผลงานรายสัปดาห์(เงิน)'!AB19)*100/$I18 -> 0 | AC19: =('ผลงานรายสัปดาห์(เงิน)'!AC19)*100/$I18 -> 0 | AD19: =SUM(Z19:AC19) -> 0 | AE19: =('ผลงานรายสัปดาห์(เงิน)'!AE19)*100/$I18 -> 0 | AF19: =('ผลงานรายสัปดาห์(เงิน)'!AF19)*100/$I18 -> 0 | AG19: =('ผลงานรายสัปดาห์(เงิน)'!AG19)*100/$I18 -> 0 | AH19: =('ผลงานรายสัปดาห์(เงิน)'!AH19)*100/$I18 -> 0 | AI19: =SUM(AE19:AH19) -> 0 | AJ19: =('ผลงานรายสัปดาห์(เงิน)'!AJ19)*100/$I18 -> 0 | AK19: =('ผลงานรายสัปดาห์(เงิน)'!AK19)*100/$I18 -> 0 | AL19: =('ผลงานรายสัปดาห์(เงิน)'!AL19)*100/$I18 -> 0 | AM19: =('ผลงานรายสัปดาห์(เงิน)'!AM19)*100/$I18 -> 0
B20: -2 | C20: งานราวกันตก | D20: เหมาจ่าย | E20: 1 | F20: =แผนการก่อสร้าง!G25 -> 0 | G20: =แผนการก่อสร้าง!H25 -> 0 | H20: 528774 | I20: 528774 | J20: 0.22171265 | O20: งานราวกันตก
L21: =('ผลงานรายสัปดาห์(เงิน)'!L21)*100/$I20 -> 0 | M21: =('ผลงานรายสัปดาห์(เงิน)'!M21)*100/$I20 -> 0 | P21: =('ผลงานรายสัปดาห์(เงิน)'!P21)*100/$I20 -> 0 | Q21: =('ผลงานรายสัปดาห์(เงิน)'!Q21)*100/$I20 -> 0 | R21: =('ผลงานรายสัปดาห์(เงิน)'!R21)*100/$I20 -> 0 | S21: =('ผลงานรายสัปดาห์(เงิน)'!S21)*100/$I20 -> 0 | T21: =SUM(P21:S21) -> 0 | U21: =('ผลงานรายสัปดาห์(เงิน)'!U21)*100/$I20 -> 0 | V21: =('ผลงานรายสัปดาห์(เงิน)'!V21)*100/$I20 -> 0 | W21: =('ผลงานรายสัปดาห์(เงิน)'!W21)*100/$I20 -> 0 | X21: =('ผลงานรายสัปดาห์(เงิน)'!X21)*100/$I20 -> 0 | Y21: =SUM(U21:X21) -> 0 | Z21: =('ผลงานรายสัปดาห์(เงิน)'!Z21)*100/$I20 -> 0 | AA21: =('ผลงานรายสัปดาห์(เงิน)'!AA21)*100/$I20 -> 0 | AB21: =('ผลงานรายสัปดาห์(เงิน)'!AB21)*100/$I20 -> 0 | AC21: =('ผลงานรายสัปดาห์(เงิน)'!AC21)*100/$I20 -> 0 | AD21: =SUM(Z21:AC21) -> 0 | AE21: =('ผลงานรายสัปดาห์(เงิน)'!AE21)*100/$I20 -> 0 | AF21: =('ผลงานรายสัปดาห์(เงิน)'!AF21)*100/$I20 -> 0 | AG21: =('ผลงานรายสัปดาห์(เงิน)'!AG21)*100/$I20 -> 0 | AH21: =('ผลงานรายสัปดาห์(เงิน)'!AH21)*100/$I20 -> 0 | AI21: =SUM(AE21:AH21) -> 0 | AJ21: =('ผลงานรายสัปดาห์(เงิน)'!AJ21)*100/$I20 -> 0 | AK21: =('ผลงานรายสัปดาห์(เงิน)'!AK21)*100/$I20 -> 0 | AL21: =('ผลงานรายสัปดาห์(เงิน)'!AL21)*100/$I20 -> 0 | AM21: =('ผลงานรายสัปดาห์(เงิน)'!AM21)*100/$I20 -> 0
B22: -3 | C22: งานระบายน้ำหลังเขื่อน | D22: เหมาจ่าย | E22: 1 | F22: =แผนการก่อสร้าง!G27 -> 0 | G22: =แผนการก่อสร้าง!H27 -> 0 | H22: 160623 | I22: 160623 | J22: 0.06734853 | O22: งานระบายน้ำหลังเขื่อน
L23: =('ผลงานรายสัปดาห์(เงิน)'!L23)*100/$I22 -> 0 | M23: =('ผลงานรายสัปดาห์(เงิน)'!M23)*100/$I22 -> 0 | P23: =('ผลงานรายสัปดาห์(เงิน)'!P23)*100/$I22 -> 0 | Q23: =('ผลงานรายสัปดาห์(เงิน)'!Q23)*100/$I22 -> 0 | R23: =('ผลงานรายสัปดาห์(เงิน)'!R23)*100/$I22 -> 0 | S23: =('ผลงานรายสัปดาห์(เงิน)'!S23)*100/$I22 -> 0 | T23: =SUM(P23:S23) -> 0 | U23: =('ผลงานรายสัปดาห์(เงิน)'!U23)*100/$I22 -> 0 | V23: =('ผลงานรายสัปดาห์(เงิน)'!V23)*100/$I22 -> 0 | W23: =('ผลงานรายสัปดาห์(เงิน)'!W23)*100/$I22 -> 0 | X23: =('ผลงานรายสัปดาห์(เงิน)'!X23)*100/$I22 -> 0 | Y23: =SUM(U23:X23) -> 0 | Z23: =('ผลงานรายสัปดาห์(เงิน)'!Z23)*100/$I22 -> 0 | AA23: =('ผลงานรายสัปดาห์(เงิน)'!AA23)*100/$I22 -> 0 | AB23: =('ผลงานรายสัปดาห์(เงิน)'!AB23)*100/$I22 -> 0 | AC23: =('ผลงานรายสัปดาห์(เงิน)'!AC23)*100/$I22 -> 0 | AD23: =SUM(Z23:AC23) -> 0 | AE23: =('ผลงานรายสัปดาห์(เงิน)'!AE23)*100/$I22 -> 0 | AF23: =('ผลงานรายสัปดาห์(เงิน)'!AF23)*100/$I22 -> 0 | AG23: =('ผลงานรายสัปดาห์(เงิน)'!AG23)*100/$I22 -> 0 | AH23: =('ผลงานรายสัปดาห์(เงิน)'!AH23)*100/$I22 -> 0 | AI23: =SUM(AE23:AH23) -> 0 | AJ23: =('ผลงานรายสัปดาห์(เงิน)'!AJ23)*100/$I22 -> 0 | AK23: =('ผลงานรายสัปดาห์(เงิน)'!AK23)*100/$I22 -> 0 | AL23: =('ผลงานรายสัปดาห์(เงิน)'!AL23)*100/$I22 -> 0 | AM23: =('ผลงานรายสัปดาห์(เงิน)'!AM23)*100/$I22 -> 0
B24: 1.3 | C24: งานเขื่อนป้องกันตลิ่ง แบบที่ 1 | D24: เหมาจ่าย | E24: 1 | F24: =แผนการก่อสร้าง!G29 -> 0 | G24: =แผนการก่อสร้าง!H29 -> 64.766 | H24: 4270013 | I24: 4270013 | J24: 1.790398 | O24: งานเขื่อนป้องกันตลิ่ง แบบที่ 1
L25: =('ผลงานรายสัปดาห์(เงิน)'!L25)*100/$I24 -> 64.809967 | M25: =('ผลงานรายสัปดาห์(เงิน)'!M25)*100/$I24 -> 64.809967 | N25: =M25-L25 -> 0 | P25: =('ผลงานรายสัปดาห์(เงิน)'!P25)*100/$I24 -> 0 | Q25: =('ผลงานรายสัปดาห์(เงิน)'!Q25)*100/$I24 -> 0 | R25: =('ผลงานรายสัปดาห์(เงิน)'!R25)*100/$I24 -> 0 | S25: =('ผลงานรายสัปดาห์(เงิน)'!S25)*100/$I24 -> 0.40735239 | T25: =SUM(P25:S25) -> 0.40735239 | U25: =('ผลงานรายสัปดาห์(เงิน)'!U25)*100/$I24 -> 0 | V25: =('ผลงานรายสัปดาห์(เงิน)'!V25)*100/$I24 -> 0 | W25: =('ผลงานรายสัปดาห์(เงิน)'!W25)*100/$I24 -> 0 | X25: =('ผลงานรายสัปดาห์(เงิน)'!X25)*100/$I24 -> 0 | Y25: =SUM(U25:X25) -> 0 | Z25: =('ผลงานรายสัปดาห์(เงิน)'!Z25)*100/$I24 -> 0 | AA25: =('ผลงานรายสัปดาห์(เงิน)'!AA25)*100/$I24 -> 0 | AB25: =('ผลงานรายสัปดาห์(เงิน)'!AB25)*100/$I24 -> 0 | AC25: =('ผลงานรายสัปดาห์(เงิน)'!AC25)*100/$I24 -> 0 | AD25: =SUM(Z25:AC25) -> 0 | AE25: =('ผลงานรายสัปดาห์(เงิน)'!AE25)*100/$I24 -> 0 | AF25: =('ผลงานรายสัปดาห์(เงิน)'!AF25)*100/$I24 -> 0 | AG25: =('ผลงานรายสัปดาห์(เงิน)'!AG25)*100/$I24 -> 0 | AH25: =('ผลงานรายสัปดาห์(เงิน)'!AH25)*100/$I24 -> 0 | AI25: =SUM(AE25:AH25) -> 0 | AJ25: =('ผลงานรายสัปดาห์(เงิน)'!AJ25)*100/$I24 -> 0 | AK25: =('ผลงานรายสัปดาห์(เงิน)'!AK25)*100/$I24 -> 0 | AL25: =('ผลงานรายสัปดาห์(เงิน)'!AL25)*100/$I24 -> 0 | AM25: =('ผลงานรายสัปดาห์(เงิน)'!AM25)*100/$I24 -> 0
B26: -1 | C26: งานคาน | D26: เหมาจ่าย | E26: 1 | F26: =แผนการก่อสร้าง!G31 -> 0 | G26: =แผนการก่อสร้าง!H31 -> 0 | H26: 2092762 | I26: 2092762 | J26: 0.87748607 | O26: งานคาน
L27: =('ผลงานรายสัปดาห์(เงิน)'!L27)*100/$I26 -> 0 | M27: =('ผลงานรายสัปดาห์(เงิน)'!M27)*100/$I26 -> 0 | P27: =('ผลงานรายสัปดาห์(เงิน)'!P27)*100/$I26 -> 0 | Q27: =('ผลงานรายสัปดาห์(เงิน)'!Q27)*100/$I26 -> 0 | R27: =('ผลงานรายสัปดาห์(เงิน)'!R27)*100/$I26 -> 0 | S27: =('ผลงานรายสัปดาห์(เงิน)'!S27)*100/$I26 -> 0 | T27: =SUM(P27:S27) -> 0 | U27: =('ผลงานรายสัปดาห์(เงิน)'!U27)*100/$I26 -> 0 | V27: =('ผลงานรายสัปดาห์(เงิน)'!V27)*100/$I26 -> 0 | W27: =('ผลงานรายสัปดาห์(เงิน)'!W27)*100/$I26 -> 0 | X27: =('ผลงานรายสัปดาห์(เงิน)'!X27)*100/$I26 -> 0 | Y27: =SUM(U27:X27) -> 0 | Z27: =('ผลงานรายสัปดาห์(เงิน)'!Z27)*100/$I26 -> 0 | AA27: =('ผลงานรายสัปดาห์(เงิน)'!AA27)*100/$I26 -> 0 | AB27: =('ผลงานรายสัปดาห์(เงิน)'!AB27)*100/$I26 -> 0 | AC27: =('ผลงานรายสัปดาห์(เงิน)'!AC27)*100/$I26 -> 0 | AD27: =SUM(Z27:AC27) -> 0 | AE27: =('ผลงานรายสัปดาห์(เงิน)'!AE27)*100/$I26 -> 0 | AF27: =('ผลงานรายสัปดาห์(เงิน)'!AF27)*100/$I26 -> 0 | AG27: =('ผลงานรายสัปดาห์(เงิน)'!AG27)*100/$I26 -> 0 | AH27: =('ผลงานรายสัปดาห์(เงิน)'!AH27)*100/$I26 -> 0 | AI27: =SUM(AE27:AH27) -> 0 | AJ27: =('ผลงานรายสัปดาห์(เงิน)'!AJ27)*100/$I26 -> 0 | AK27: =('ผลงานรายสัปดาห์(เงิน)'!AK27)*100/$I26 -> 0 | AL27: =('ผลงานรายสัปดาห์(เงิน)'!AL27)*100/$I26 -> 0 | AM27: =('ผลงานรายสัปดาห์(เงิน)'!AM27)*100/$I26 -> 0
B28: -2 | C28: งานกำแพง w15+ บันได | D28: เหมาจ่าย | E28: 1 | F28: =แผนการก่อสร้าง!G33 -> 0 | G28: =แผนการก่อสร้าง!H33 -> 0 | H28: 883548 | I28: 883548 | J28: 0.37046786 | O28: งานกำแพง w15+ บันได
L29: =('ผลงานรายสัปดาห์(เงิน)'!L29)*100/$I28 -> 0 | M29: =('ผลงานรายสัปดาห์(เงิน)'!M29)*100/$I28 -> 0 | P29: =('ผลงานรายสัปดาห์(เงิน)'!P29)*100/$I28 -> 0 | Q29: =('ผลงานรายสัปดาห์(เงิน)'!Q29)*100/$I28 -> 0 | R29: =('ผลงานรายสัปดาห์(เงิน)'!R29)*100/$I28 -> 0 | S29: =('ผลงานรายสัปดาห์(เงิน)'!S29)*100/$I28 -> 0 | T29: =SUM(P29:S29) -> 0 | U29: =('ผลงานรายสัปดาห์(เงิน)'!U29)*100/$I28 -> 0 | V29: =('ผลงานรายสัปดาห์(เงิน)'!V29)*100/$I28 -> 0 | W29: =('ผลงานรายสัปดาห์(เงิน)'!W29)*100/$I28 -> 0 | X29: =('ผลงานรายสัปดาห์(เงิน)'!X29)*100/$I28 -> 0 | Y29: =SUM(U29:X29) -> 0 | Z29: =('ผลงานรายสัปดาห์(เงิน)'!Z29)*100/$I28 -> 0 | AA29: =('ผลงานรายสัปดาห์(เงิน)'!AA29)*100/$I28 -> 0 | AB29: =('ผลงานรายสัปดาห์(เงิน)'!AB29)*100/$I28 -> 0 | AC29: =('ผลงานรายสัปดาห์(เงิน)'!AC29)*100/$I28 -> 0 | AD29: =SUM(Z29:AC29) -> 0 | AE29: =('ผลงานรายสัปดาห์(เงิน)'!AE29)*100/$I28 -> 0 | AF29: =('ผลงานรายสัปดาห์(เงิน)'!AF29)*100/$I28 -> 0 | AG29: =('ผลงานรายสัปดาห์(เงิน)'!AG29)*100/$I28 -> 0 | AH29: =('ผลงานรายสัปดาห์(เงิน)'!AH29)*100/$I28 -> 0 | AI29: =SUM(AE29:AH29) -> 0 | AJ29: =('ผลงานรายสัปดาห์(เงิน)'!AJ29)*100/$I28 -> 0 | AK29: =('ผลงานรายสัปดาห์(เงิน)'!AK29)*100/$I28 -> 0 | AL29: =('ผลงานรายสัปดาห์(เงิน)'!AL29)*100/$I28 -> 0 | AM29: =('ผลงานรายสัปดาห์(เงิน)'!AM29)*100/$I28 -> 0
B30: -3 | C30: งานราวกันตก | D30: เหมาจ่าย | E30: 1 | F30: =แผนการก่อสร้าง!G35 -> 0 | G30: =แผนการก่อสร้าง!H35 -> 0 | H30: 1344618 | I30: 1344618 | J30: 0.56379252 | O30: งานราวกันตก
L31: =('ผลงานรายสัปดาห์(เงิน)'!L31)*100/$I30 -> 0 | M31: =('ผลงานรายสัปดาห์(เงิน)'!M31)*100/$I30 -> 0 | P31: =('ผลงานรายสัปดาห์(เงิน)'!P31)*100/$I30 -> 0 | Q31: =('ผลงานรายสัปดาห์(เงิน)'!Q31)*100/$I30 -> 0 | R31: =('ผลงานรายสัปดาห์(เงิน)'!R31)*100/$I30 -> 0 | S31: =('ผลงานรายสัปดาห์(เงิน)'!S31)*100/$I30 -> 0 | T31: =SUM(P31:S31) -> 0 | U31: =('ผลงานรายสัปดาห์(เงิน)'!U31)*100/$I30 -> 0 | V31: =('ผลงานรายสัปดาห์(เงิน)'!V31)*100/$I30 -> 0 | W31: =('ผลงานรายสัปดาห์(เงิน)'!W31)*100/$I30 -> 0 | X31: =('ผลงานรายสัปดาห์(เงิน)'!X31)*100/$I30 -> 0 | Y31: =SUM(U31:X31) -> 0 | Z31: =('ผลงานรายสัปดาห์(เงิน)'!Z31)*100/$I30 -> 0 | AA31: =('ผลงานรายสัปดาห์(เงิน)'!AA31)*100/$I30 -> 0 | AB31: =('ผลงานรายสัปดาห์(เงิน)'!AB31)*100/$I30 -> 0 | AC31: =('ผลงานรายสัปดาห์(เงิน)'!AC31)*100/$I30 -> 0 | AD31: =SUM(Z31:AC31) -> 0 | AE31: =('ผลงานรายสัปดาห์(เงิน)'!AE31)*100/$I30 -> 0 | AF31: =('ผลงานรายสัปดาห์(เงิน)'!AF31)*100/$I30 -> 0 | AG31: =('ผลงานรายสัปดาห์(เงิน)'!AG31)*100/$I30 -> 0 | AH31: =('ผลงานรายสัปดาห์(เงิน)'!AH31)*100/$I30 -> 0 | AI31: =SUM(AE31:AH31) -> 0 | AJ31: =('ผลงานรายสัปดาห์(เงิน)'!AJ31)*100/$I30 -> 0 | AK31: =('ผลงานรายสัปดาห์(เงิน)'!AK31)*100/$I30 -> 0 | AL31: =('ผลงานรายสัปดาห์(เงิน)'!AL31)*100/$I30 -> 0 | AM31: =('ผลงานรายสัปดาห์(เงิน)'!AM31)*100/$I30 -> 0
B32: -4 | C32: งานวัสดุปูพื้น | D32: เหมาจ่าย | E32: 1 | F32: =แผนการก่อสร้าง!G37 -> 0 | G32: =แผนการก่อสร้าง!H37 -> 0 | H32: 1048108 | I32: 1048108 | J32: 0.43946716 | O32: งานวัสดุปูพื้น
L33: =('ผลงานรายสัปดาห์(เงิน)'!L33)*100/$I32 -> 0 | M33: =('ผลงานรายสัปดาห์(เงิน)'!M33)*100/$I32 -> 0 | P33: =('ผลงานรายสัปดาห์(เงิน)'!P33)*100/$I32 -> 0 | Q33: =('ผลงานรายสัปดาห์(เงิน)'!Q33)*100/$I32 -> 0 | R33: =('ผลงานรายสัปดาห์(เงิน)'!R33)*100/$I32 -> 0 | S33: =('ผลงานรายสัปดาห์(เงิน)'!S33)*100/$I32 -> 0 | T33: =SUM(P33:S33) -> 0 | U33: =('ผลงานรายสัปดาห์(เงิน)'!U33)*100/$I32 -> 0 | V33: =('ผลงานรายสัปดาห์(เงิน)'!V33)*100/$I32 -> 0 | W33: =('ผลงานรายสัปดาห์(เงิน)'!W33)*100/$I32 -> 0 | X33: =('ผลงานรายสัปดาห์(เงิน)'!X33)*100/$I32 -> 0 | Y33: =SUM(U33:X33) -> 0 | Z33: =('ผลงานรายสัปดาห์(เงิน)'!Z33)*100/$I32 -> 0 | AA33: =('ผลงานรายสัปดาห์(เงิน)'!AA33)*100/$I32 -> 0 | AB33: =('ผลงานรายสัปดาห์(เงิน)'!AB33)*100/$I32 -> 0 | AC33: =('ผลงานรายสัปดาห์(เงิน)'!AC33)*100/$I32 -> 0 | AD33: =SUM(Z33:AC33) -> 0 | AE33: =('ผลงานรายสัปดาห์(เงิน)'!AE33)*100/$I32 -> 0 | AF33: =('ผลงานรายสัปดาห์(เงิน)'!AF33)*100/$I32 -> 0 | AG33: =('ผลงานรายสัปดาห์(เงิน)'!AG33)*100/$I32 -> 0 | AH33: =('ผลงานรายสัปดาห์(เงิน)'!AH33)*100/$I32 -> 0 | AI33: =SUM(AE33:AH33) -> 0 | AJ33: =('ผลงานรายสัปดาห์(เงิน)'!AJ33)*100/$I32 -> 0 | AK33: =('ผลงานรายสัปดาห์(เงิน)'!AK33)*100/$I32 -> 0 | AL33: =('ผลงานรายสัปดาห์(เงิน)'!AL33)*100/$I32 -> 0 | AM33: =('ผลงานรายสัปดาห์(เงิน)'!AM33)*100/$I32 -> 0
B34: 1.4 | C34: งานเขื่อนป้องกันตลิ่ง แบบที่ 4 ช่วงที่ 1 | D34: เหมาจ่าย | E34: 1 | F34: =แผนการก่อสร้าง!G39 -> 0 | G34: =แผนการก่อสร้าง!H39 -> 53.669 | H34: 2827285 | I34: 2827285 | J34: 1.1854684 | O34: งานเขื่อนป้องกันตลิ่ง แบบที่ 4 ช่วงที่ 1
L35: =('ผลงานรายสัปดาห์(เงิน)'!L35)*100/$I34 -> 53.669651 | M35: =('ผลงานรายสัปดาห์(เงิน)'!M35)*100/$I34 -> 53.669651 | P35: =('ผลงานรายสัปดาห์(เงิน)'!P35)*100/$I34 -> 0 | Q35: =('ผลงานรายสัปดาห์(เงิน)'!Q35)*100/$I34 -> 0 | R35: =('ผลงานรายสัปดาห์(เงิน)'!R35)*100/$I34 -> 0 | S35: =('ผลงานรายสัปดาห์(เงิน)'!S35)*100/$I34 -> 0.61521919 | T35: =SUM(P35:S35) -> 0.61521919 | U35: =('ผลงานรายสัปดาห์(เงิน)'!U35)*100/$I34 -> 0 | V35: =('ผลงานรายสัปดาห์(เงิน)'!V35)*100/$I34 -> 0 | W35: =('ผลงานรายสัปดาห์(เงิน)'!W35)*100/$I34 -> 53.054432 | X35: =('ผลงานรายสัปดาห์(เงิน)'!X35)*100/$I34 -> 0 | Y35: =SUM(U35:X35) -> 53.054432 | Z35: =('ผลงานรายสัปดาห์(เงิน)'!Z35)*100/$I34 -> 0 | AA35: =('ผลงานรายสัปดาห์(เงิน)'!AA35)*100/$I34 -> 0 | AB35: =('ผลงานรายสัปดาห์(เงิน)'!AB35)*100/$I34 -> 0 | AC35: =('ผลงานรายสัปดาห์(เงิน)'!AC35)*100/$I34 -> 0 | AD35: =SUM(Z35:AC35) -> 0 | AE35: =('ผลงานรายสัปดาห์(เงิน)'!AE35)*100/$I34 -> 0 | AF35: =('ผลงานรายสัปดาห์(เงิน)'!AF35)*100/$I34 -> 0 | AG35: =('ผลงานรายสัปดาห์(เงิน)'!AG35)*100/$I34 -> 0 | AH35: =('ผลงานรายสัปดาห์(เงิน)'!AH35)*100/$I34 -> 0 | AI35: =SUM(AE35:AH35) -> 0 | AJ35: =('ผลงานรายสัปดาห์(เงิน)'!AJ35)*100/$I34 -> 0 | AK35: =('ผลงานรายสัปดาห์(เงิน)'!AK35)*100/$I34 -> 0 | AL35: =('ผลงานรายสัปดาห์(เงิน)'!AL35)*100/$I34 -> 0 | AM35: =('ผลงานรายสัปดาห์(เงิน)'!AM35)*100/$I34 -> 0
B36: -1 | C36: งานคาน | D36: เหมาจ่าย | E36: 1 | F36: =แผนการก่อสร้าง!G41 -> 0 | G36: =แผนการก่อสร้าง!H41 -> 0 | H36: 317663 | I36: 317663 | J36: 0.13319472 | O36: งานคาน
L37: =('ผลงานรายสัปดาห์(เงิน)'!L37)*100/$I36 -> 0 | M37: =('ผลงานรายสัปดาห์(เงิน)'!M37)*100/$I36 -> 0 | P37: =('ผลงานรายสัปดาห์(เงิน)'!P37)*100/$I36 -> 0 | Q37: =('ผลงานรายสัปดาห์(เงิน)'!Q37)*100/$I36 -> 0 | R37: =('ผลงานรายสัปดาห์(เงิน)'!R37)*100/$I36 -> 0 | S37: =('ผลงานรายสัปดาห์(เงิน)'!S37)*100/$I36 -> 0 | T37: =SUM(P37:S37) -> 0 | U37: =('ผลงานรายสัปดาห์(เงิน)'!U37)*100/$I36 -> 0 | V37: =('ผลงานรายสัปดาห์(เงิน)'!V37)*100/$I36 -> 0 | W37: =('ผลงานรายสัปดาห์(เงิน)'!W37)*100/$I36 -> 0 | X37: =('ผลงานรายสัปดาห์(เงิน)'!X37)*100/$I36 -> 0 | Y37: =SUM(U37:X37) -> 0 | Z37: =('ผลงานรายสัปดาห์(เงิน)'!Z37)*100/$I36 -> 0 | AA37: =('ผลงานรายสัปดาห์(เงิน)'!AA37)*100/$I36 -> 0 | AB37: =('ผลงานรายสัปดาห์(เงิน)'!AB37)*100/$I36 -> 0 | AC37: =('ผลงานรายสัปดาห์(เงิน)'!AC37)*100/$I36 -> 0 | AD37: =SUM(Z37:AC37) -> 0 | AE37: =('ผลงานรายสัปดาห์(เงิน)'!AE37)*100/$I36 -> 0 | AF37: =('ผลงานรายสัปดาห์(เงิน)'!AF37)*100/$I36 -> 0 | AG37: =('ผลงานรายสัปดาห์(เงิน)'!AG37)*100/$I36 -> 0 | AH37: =('ผลงานรายสัปดาห์(เงิน)'!AH37)*100/$I36 -> 0 | AI37: =SUM(AE37:AH37) -> 0 | AJ37: =('ผลงานรายสัปดาห์(เงิน)'!AJ37)*100/$I36 -> 0 | AK37: =('ผลงานรายสัปดาห์(เงิน)'!AK37)*100/$I36 -> 0 | AL37: =('ผลงานรายสัปดาห์(เงิน)'!AL37)*100/$I36 -> 0 | AM37: =('ผลงานรายสัปดาห์(เงิน)'!AM37)*100/$I36 -> 0
B38: -2 | C38: งานราวกันตก และ งานระบายน้ำหลังเขื่อน | D38: เหมาจ่าย | E38: 1 | F38: =แผนการก่อสร้าง!G43 -> 0 | G38: =แผนการก่อสร้าง!H43 -> 0 | H38: 262286 | I38: 262286 | J38: 0.10997539 | O38: งานราวกันตก และ งานระบายน้ำหลังเขื่อน
L39: =('ผลงานรายสัปดาห์(เงิน)'!L39)*100/$I38 -> 0 | M39: =('ผลงานรายสัปดาห์(เงิน)'!M39)*100/$I38 -> 0 | P39: =('ผลงานรายสัปดาห์(เงิน)'!P39)*100/$I38 -> 0 | Q39: =('ผลงานรายสัปดาห์(เงิน)'!Q39)*100/$I38 -> 0 | R39: =('ผลงานรายสัปดาห์(เงิน)'!R39)*100/$I38 -> 0 | S39: =('ผลงานรายสัปดาห์(เงิน)'!S39)*100/$I38 -> 0 | T39: =SUM(P39:S39) -> 0 | U39: =('ผลงานรายสัปดาห์(เงิน)'!U39)*100/$I38 -> 0 | V39: =('ผลงานรายสัปดาห์(เงิน)'!V39)*100/$I38 -> 0 | W39: =('ผลงานรายสัปดาห์(เงิน)'!W39)*100/$I38 -> 0 | X39: =('ผลงานรายสัปดาห์(เงิน)'!X39)*100/$I38 -> 0 | Y39: =SUM(U39:X39) -> 0 | Z39: =('ผลงานรายสัปดาห์(เงิน)'!Z39)*100/$I38 -> 0 | AA39: =('ผลงานรายสัปดาห์(เงิน)'!AA39)*100/$I38 -> 0 | AB39: =('ผลงานรายสัปดาห์(เงิน)'!AB39)*100/$I38 -> 0 | AC39: =('ผลงานรายสัปดาห์(เงิน)'!AC39)*100/$I38 -> 0 | AD39: =SUM(Z39:AC39) -> 0 | AE39: =('ผลงานรายสัปดาห์(เงิน)'!AE39)*100/$I38 -> 0 | AF39: =('ผลงานรายสัปดาห์(เงิน)'!AF39)*100/$I38 -> 0 | AG39: =('ผลงานรายสัปดาห์(เงิน)'!AG39)*100/$I38 -> 0 | AH39: =('ผลงานรายสัปดาห์(เงิน)'!AH39)*100/$I38 -> 0 | AI39: =SUM(AE39:AH39) -> 0 | AJ39: =('ผลงานรายสัปดาห์(เงิน)'!AJ39)*100/$I38 -> 0 | AK39: =('ผลงานรายสัปดาห์(เงิน)'!AK39)*100/$I38 -> 0 | AL39: =('ผลงานรายสัปดาห์(เงิน)'!AL39)*100/$I38 -> 0 | AM39: =('ผลงานรายสัปดาห์(เงิน)'!AM39)*100/$I38 -> 0
B40: 1.5 | C40: งานเขื่อนป้องกันตลิ่ง แบบที่ 4 ช่วงที่ 2 | D40: เหมาจ่าย | E40: 1 | F40: =แผนการก่อสร้าง!G45 -> 0 | G40: =แผนการก่อสร้าง!H45 -> 54.391 | H40: 3175884 | I40: 3175884 | J40: 1.3316344 | O40: งานเขื่อนป้องกันตลิ่ง แบบที่ 4 ช่วงที่ 2
L41: =('ผลงานรายสัปดาห์(เงิน)'!L41)*100/$I40 -> 54.390966 | M41: =('ผลงานรายสัปดาห์(เงิน)'!M41)*100/$I40 -> 54.390966 | P41: =('ผลงานรายสัปดาห์(เงิน)'!P41)*100/$I40 -> 0 | Q41: =('ผลงานรายสัปดาห์(เงิน)'!Q41)*100/$I40 -> 0 | R41: =('ผลงานรายสัปดาห์(เงิน)'!R41)*100/$I40 -> 0 | S41: =('ผลงานรายสัปดาห์(เงิน)'!S41)*100/$I40 -> 0.54769003 | T41: =SUM(P41:S41) -> 0.54769003 | U41: =('ผลงานรายสัปดาห์(เงิน)'!U41)*100/$I40 -> 0 | V41: =('ผลงานรายสัปดาห์(เงิน)'!V41)*100/$I40 -> 0 | W41: =('ผลงานรายสัปดาห์(เงิน)'!W41)*100/$I40 -> 17.00314 | X41: =('ผลงานรายสัปดาห์(เงิน)'!X41)*100/$I40 -> 0 | Y41: =SUM(U41:X41) -> 17.00314 | Z41: =('ผลงานรายสัปดาห์(เงิน)'!Z41)*100/$I40 -> 0 | AA41: =('ผลงานรายสัปดาห์(เงิน)'!AA41)*100/$I40 -> 0 | AB41: =('ผลงานรายสัปดาห์(เงิน)'!AB41)*100/$I40 -> 0 | AC41: =('ผลงานรายสัปดาห์(เงิน)'!AC41)*100/$I40 -> 36.840136 | AD41: =SUM(Z41:AC41) -> 36.840136 | AE41: =('ผลงานรายสัปดาห์(เงิน)'!AE41)*100/$I40 -> 0 | AF41: =('ผลงานรายสัปดาห์(เงิน)'!AF41)*100/$I40 -> 0 | AG41: =('ผลงานรายสัปดาห์(เงิน)'!AG41)*100/$I40 -> 0 | AH41: =('ผลงานรายสัปดาห์(เงิน)'!AH41)*100/$I40 -> 0 | AI41: =SUM(AE41:AH41) -> 0 | AJ41: =('ผลงานรายสัปดาห์(เงิน)'!AJ41)*100/$I40 -> 0 | AK41: =('ผลงานรายสัปดาห์(เงิน)'!AK41)*100/$I40 -> 0 | AL41: =('ผลงานรายสัปดาห์(เงิน)'!AL41)*100/$I40 -> 0 | AM41: =('ผลงานรายสัปดาห์(เงิน)'!AM41)*100/$I40 -> 0
B42: -1 | C42: งานคาน | D42: เหมาจ่าย | E42: 1 | F42: =แผนการก่อสร้าง!G47 -> 0 | G42: =แผนการก่อสร้าง!H47 -> 0 | H42: 358105 | I42: 358105 | J42: 0.15015188 | O42: งานคาน
L43: =('ผลงานรายสัปดาห์(เงิน)'!L43)*100/$I42 -> 0 | M43: =('ผลงานรายสัปดาห์(เงิน)'!M43)*100/$I42 -> 0 | P43: =('ผลงานรายสัปดาห์(เงิน)'!P43)*100/$I42 -> 0 | Q43: =('ผลงานรายสัปดาห์(เงิน)'!Q43)*100/$I42 -> 0 | R43: =('ผลงานรายสัปดาห์(เงิน)'!R43)*100/$I42 -> 0 | S43: =('ผลงานรายสัปดาห์(เงิน)'!S43)*100/$I42 -> 0 | T43: =SUM(P43:S43) -> 0 | U43: =('ผลงานรายสัปดาห์(เงิน)'!U43)*100/$I42 -> 0 | V43: =('ผลงานรายสัปดาห์(เงิน)'!V43)*100/$I42 -> 0 | W43: =('ผลงานรายสัปดาห์(เงิน)'!W43)*100/$I42 -> 0 | X43: =('ผลงานรายสัปดาห์(เงิน)'!X43)*100/$I42 -> 0 | Y43: =SUM(U43:X43) -> 0 | Z43: =('ผลงานรายสัปดาห์(เงิน)'!Z43)*100/$I42 -> 0 | AA43: =('ผลงานรายสัปดาห์(เงิน)'!AA43)*100/$I42 -> 0 | AB43: =('ผลงานรายสัปดาห์(เงิน)'!AB43)*100/$I42 -> 0 | AC43: =('ผลงานรายสัปดาห์(เงิน)'!AC43)*100/$I42 -> 0 | AD43: =SUM(Z43:AC43) -> 0 | AE43: =('ผลงานรายสัปดาห์(เงิน)'!AE43)*100/$I42 -> 0 | AF43: =('ผลงานรายสัปดาห์(เงิน)'!AF43)*100/$I42 -> 0 | AG43: =('ผลงานรายสัปดาห์(เงิน)'!AG43)*100/$I42 -> 0 | AH43: =('ผลงานรายสัปดาห์(เงิน)'!AH43)*100/$I42 -> 0 | AI43: =SUM(AE43:AH43) -> 0 | AJ43: =('ผลงานรายสัปดาห์(เงิน)'!AJ43)*100/$I42 -> 0 | AK43: =('ผลงานรายสัปดาห์(เงิน)'!AK43)*100/$I42 -> 0 | AL43: =('ผลงานรายสัปดาห์(เงิน)'!AL43)*100/$I42 -> 0 | AM43: =('ผลงานรายสัปดาห์(เงิน)'!AM43)*100/$I42 -> 0
B44: -2 | C44: งานราวกันตก และ งานระบายน้ำหลังเขื่อน | D44: เหมาจ่าย | E44: 1 | F44: =แผนการก่อสร้าง!G49 -> 0 | G44: =แผนการก่อสร้าง!H49 -> 0 | H44: 295042 | I44: 295042 | J44: 0.12370984 | O44: งานราวกันตก และ งานระบายน้ำหลังเขื่อน
L45: =('ผลงานรายสัปดาห์(เงิน)'!L45)*100/$I44 -> 0 | M45: =('ผลงานรายสัปดาห์(เงิน)'!M45)*100/$I44 -> 0 | P45: =('ผลงานรายสัปดาห์(เงิน)'!P45)*100/$I44 -> 0 | Q45: =('ผลงานรายสัปดาห์(เงิน)'!Q45)*100/$I44 -> 0 | R45: =('ผลงานรายสัปดาห์(เงิน)'!R45)*100/$I44 -> 0 | S45: =('ผลงานรายสัปดาห์(เงิน)'!S45)*100/$I44 -> 0 | T45: =SUM(P45:S45) -> 0 | U45: =('ผลงานรายสัปดาห์(เงิน)'!U45)*100/$I44 -> 0 | V45: =('ผลงานรายสัปดาห์(เงิน)'!V45)*100/$I44 -> 0 | W45: =('ผลงานรายสัปดาห์(เงิน)'!W45)*100/$I44 -> 0 | X45: =('ผลงานรายสัปดาห์(เงิน)'!X45)*100/$I44 -> 0 | Y45: =SUM(U45:X45) -> 0 | Z45: =('ผลงานรายสัปดาห์(เงิน)'!Z45)*100/$I44 -> 0 | AA45: =('ผลงานรายสัปดาห์(เงิน)'!AA45)*100/$I44 -> 0 | AB45: =('ผลงานรายสัปดาห์(เงิน)'!AB45)*100/$I44 -> 0 | AC45: =('ผลงานรายสัปดาห์(เงิน)'!AC45)*100/$I44 -> 0 | AD45: =SUM(Z45:AC45) -> 0 | AE45: =('ผลงานรายสัปดาห์(เงิน)'!AE45)*100/$I44 -> 0 | AF45: =('ผลงานรายสัปดาห์(เงิน)'!AF45)*100/$I44 -> 0 | AG45: =('ผลงานรายสัปดาห์(เงิน)'!AG45)*100/$I44 -> 0 | AH45: =('ผลงานรายสัปดาห์(เงิน)'!AH45)*100/$I44 -> 0 | AI45: =SUM(AE45:AH45) -> 0 | AJ45: =('ผลงานรายสัปดาห์(เงิน)'!AJ45)*100/$I44 -> 0 | AK45: =('ผลงานรายสัปดาห์(เงิน)'!AK45)*100/$I44 -> 0 | AL45: =('ผลงานรายสัปดาห์(เงิน)'!AL45)*100/$I44 -> 0 | AM45: =('ผลงานรายสัปดาห์(เงิน)'!AM45)*100/$I44 -> 0
B46: 1.6 | C46: งานเขื่อนป้องกันตลิ่ง แบบที่ 5 | D46: เหมาจ่าย | E46: 1 | F46: =แผนการก่อสร้าง!G51 -> 0 | G46: =แผนการก่อสร้าง!H51 -> 82.375 | H46: 3323085 | I46: 3323085 | J46: 1.3933552 | O46: งานเขื่อนป้องกันตลิ่ง แบบที่ 5
L47: =('ผลงานรายสัปดาห์(เงิน)'!L47)*100/$I46 -> 82.375082 | M47: =('ผลงานรายสัปดาห์(เงิน)'!M47)*100/$I46 -> 82.375082 | P47: =('ผลงานรายสัปดาห์(เงิน)'!P47)*100/$I46 -> 0 | Q47: =('ผลงานรายสัปดาห์(เงิน)'!Q47)*100/$I46 -> 0 | R47: =('ผลงานรายสัปดาห์(เงิน)'!R47)*100/$I46 -> 0 | S47: =('ผลงานรายสัปดาห์(เงิน)'!S47)*100/$I46 -> 0.52342928 | T47: =SUM(P47:S47) -> 0.52342928 | U47: =('ผลงานรายสัปดาห์(เงิน)'!U47)*100/$I46 -> 0 | V47: =('ผลงานรายสัปดาห์(เงิน)'!V47)*100/$I46 -> 0 | W47: =('ผลงานรายสัปดาห์(เงิน)'!W47)*100/$I46 -> 40.925826 | X47: =('ผลงานรายสัปดาห์(เงิน)'!X47)*100/$I46 -> 0 | Y47: =SUM(U47:X47) -> 40.925826 | Z47: =('ผลงานรายสัปดาห์(เงิน)'!Z47)*100/$I46 -> 0 | AA47: =('ผลงานรายสัปดาห์(เงิน)'!AA47)*100/$I46 -> 0 | AB47: =('ผลงานรายสัปดาห์(เงิน)'!AB47)*100/$I46 -> 0 | AC47: =('ผลงานรายสัปดาห์(เงิน)'!AC47)*100/$I46 -> 40.925826 | AD47: =SUM(Z47:AC47) -> 40.925826 | AE47: =('ผลงานรายสัปดาห์(เงิน)'!AE47)*100/$I46 -> 0 | AF47: =('ผลงานรายสัปดาห์(เงิน)'!AF47)*100/$I46 -> 0 | AG47: =('ผลงานรายสัปดาห์(เงิน)'!AG47)*100/$I46 -> 0 | AH47: =('ผลงานรายสัปดาห์(เงิน)'!AH47)*100/$I46 -> 0 | AI47: =SUM(AE47:AH47) -> 0 | AJ47: =('ผลงานรายสัปดาห์(เงิน)'!AJ47)*100/$I46 -> 0 | AK47: =('ผลงานรายสัปดาห์(เงิน)'!AK47)*100/$I46 -> 0 | AL47: =('ผลงานรายสัปดาห์(เงิน)'!AL47)*100/$I46 -> 0 | AM47: =('ผลงานรายสัปดาห์(เงิน)'!AM47)*100/$I46 -> 0
B48: -1 | C48: งานคาน | D48: เหมาจ่าย | E48: 1 | F48: =แผนการก่อสร้าง!G53 -> 0 | G48: =แผนการก่อสร้าง!H53 -> 0 | H48: 358105 | I48: 358105 | J48: 0.15015188 | O48: งานคาน
L49: =('ผลงานรายสัปดาห์(เงิน)'!L49)*100/$I48 -> 0 | M49: =('ผลงานรายสัปดาห์(เงิน)'!M49)*100/$I48 -> 0 | P49: =('ผลงานรายสัปดาห์(เงิน)'!P49)*100/$I48 -> 0 | Q49: =('ผลงานรายสัปดาห์(เงิน)'!Q49)*100/$I48 -> 0 | R49: =('ผลงานรายสัปดาห์(เงิน)'!R49)*100/$I48 -> 0 | S49: =('ผลงานรายสัปดาห์(เงิน)'!S49)*100/$I48 -> 0 | T49: =SUM(P49:S49) -> 0 | U49: =('ผลงานรายสัปดาห์(เงิน)'!U49)*100/$I48 -> 0 | V49: =('ผลงานรายสัปดาห์(เงิน)'!V49)*100/$I48 -> 0 | W49: =('ผลงานรายสัปดาห์(เงิน)'!W49)*100/$I48 -> 0 | X49: =('ผลงานรายสัปดาห์(เงิน)'!X49)*100/$I48 -> 0 | Y49: =SUM(U49:X49) -> 0 | Z49: =('ผลงานรายสัปดาห์(เงิน)'!Z49)*100/$I48 -> 0 | AA49: =('ผลงานรายสัปดาห์(เงิน)'!AA49)*100/$I48 -> 0 | AB49: =('ผลงานรายสัปดาห์(เงิน)'!AB49)*100/$I48 -> 0 | AC49: =('ผลงานรายสัปดาห์(เงิน)'!AC49)*100/$I48 -> 0 | AD49: =SUM(Z49:AC49) -> 0 | AE49: =('ผลงานรายสัปดาห์(เงิน)'!AE49)*100/$I48 -> 0 | AF49: =('ผลงานรายสัปดาห์(เงิน)'!AF49)*100/$I48 -> 0 | AG49: =('ผลงานรายสัปดาห์(เงิน)'!AG49)*100/$I48 -> 0 | AH49: =('ผลงานรายสัปดาห์(เงิน)'!AH49)*100/$I48 -> 0 | AI49: =SUM(AE49:AH49) -> 0 | AJ49: =('ผลงานรายสัปดาห์(เงิน)'!AJ49)*100/$I48 -> 0 | AK49: =('ผลงานรายสัปดาห์(เงิน)'!AK49)*100/$I48 -> 0 | AL49: =('ผลงานรายสัปดาห์(เงิน)'!AL49)*100/$I48 -> 0 | AM49: =('ผลงานรายสัปดาห์(เงิน)'!AM49)*100/$I48 -> 0
B50: -2 | C50: งานราวกันตก และ งานระบายน้ำหลังเขื่อน | D50: เหมาจ่าย | E50: 1 | F50: =แผนการก่อสร้าง!G55 -> 0 | G50: =แผนการก่อสร้าง!H55 -> 0 | H50: 295042 | I50: 295042 | J50: 0.12370984 | O50: งานราวกันตก และ งานระบายน้ำหลังเขื่อน
L51: =('ผลงานรายสัปดาห์(เงิน)'!L51)*100/$I50 -> 0 | M51: =('ผลงานรายสัปดาห์(เงิน)'!M51)*100/$I50 -> 0 | P51: =('ผลงานรายสัปดาห์(เงิน)'!P51)*100/$I50 -> 0 | Q51: =('ผลงานรายสัปดาห์(เงิน)'!Q51)*100/$I50 -> 0 | R51: =('ผลงานรายสัปดาห์(เงิน)'!R51)*100/$I50 -> 0 | S51: =('ผลงานรายสัปดาห์(เงิน)'!S51)*100/$I50 -> 0 | T51: =SUM(P51:S51) -> 0 | U51: =('ผลงานรายสัปดาห์(เงิน)'!U51)*100/$I50 -> 0 | V51: =('ผลงานรายสัปดาห์(เงิน)'!V51)*100/$I50 -> 0 | W51: =('ผลงานรายสัปดาห์(เงิน)'!W51)*100/$I50 -> 0 | X51: =('ผลงานรายสัปดาห์(เงิน)'!X51)*100/$I50 -> 0 | Y51: =SUM(U51:X51) -> 0 | Z51: =('ผลงานรายสัปดาห์(เงิน)'!Z51)*100/$I50 -> 0 | AA51: =('ผลงานรายสัปดาห์(เงิน)'!AA51)*100/$I50 -> 0 | AB51: =('ผลงานรายสัปดาห์(เงิน)'!AB51)*100/$I50 -> 0 | AC51: =('ผลงานรายสัปดาห์(เงิน)'!AC51)*100/$I50 -> 0 | AD51: =SUM(Z51:AC51) -> 0 | AE51: =('ผลงานรายสัปดาห์(เงิน)'!AE51)*100/$I50 -> 0 | AF51: =('ผลงานรายสัปดาห์(เงิน)'!AF51)*100/$I50 -> 0 | AG51: =('ผลงานรายสัปดาห์(เงิน)'!AG51)*100/$I50 -> 0 | AH51: =('ผลงานรายสัปดาห์(เงิน)'!AH51)*100/$I50 -> 0 | AI51: =SUM(AE51:AH51) -> 0 | AJ51: =('ผลงานรายสัปดาห์(เงิน)'!AJ51)*100/$I50 -> 0 | AK51: =('ผลงานรายสัปดาห์(เงิน)'!AK51)*100/$I50 -> 0 | AL51: =('ผลงานรายสัปดาห์(เงิน)'!AL51)*100/$I50 -> 0 | AM51: =('ผลงานรายสัปดาห์(เงิน)'!AM51)*100/$I50 -> 0
B52: 1.7 | C52: งานเขื่อนป้องกันตลิ่ง แบบที่ 5 (มีผิวจราจรด้านหลังเขื่อน) | D52: เหมาจ่าย | E52: 1 | F52: =แผนการก่อสร้าง!G57 -> 0 | G52: =แผนการก่อสร้าง!H57 -> 42.96 | H52: 14559639 | I52: 14559639 | J52: 6.1047937 | O52: งานเขื่อนป้องกันตลิ่ง แบบที่ 5 (มีผิวจราจรด้านหลังเขื่อน)
L53: =('ผลงานรายสัปดาห์(เงิน)'!L53)*100/$I52 -> 42.959774 | M53: =('ผลงานรายสัปดาห์(เงิน)'!M53)*100/$I52 -> 42.959774 | P53: =('ผลงานรายสัปดาห์(เงิน)'!P53)*100/$I52 -> 0 | Q53: =('ผลงานรายสัปดาห์(เงิน)'!Q53)*100/$I52 -> 0 | R53: =('ผลงานรายสัปดาห์(เงิน)'!R53)*100/$I52 -> 0 | S53: =('ผลงานรายสัปดาห์(เงิน)'!S53)*100/$I52 -> 0.2389345 | T53: =SUM(P53:S53) -> 0.2389345 | U53: =('ผลงานรายสัปดาห์(เงิน)'!U53)*100/$I52 -> 0 | V53: =('ผลงานรายสัปดาห์(เงิน)'!V53)*100/$I52 -> 0 | W53: =('ผลงานรายสัปดาห์(เงิน)'!W53)*100/$I52 -> 23.626959 | X53: =('ผลงานรายสัปดาห์(เงิน)'!X53)*100/$I52 -> 0 | Y53: =SUM(U53:X53) -> 23.626959 | Z53: =('ผลงานรายสัปดาห์(เงิน)'!Z53)*100/$I52 -> 0 | AA53: =('ผลงานรายสัปดาห์(เงิน)'!AA53)*100/$I52 -> 0 | AB53: =('ผลงานรายสัปดาห์(เงิน)'!AB53)*100/$I52 -> 0 | AC53: =('ผลงานรายสัปดาห์(เงิน)'!AC53)*100/$I52 -> 19.09388 | AD53: =SUM(Z53:AC53) -> 19.09388 | AE53: =('ผลงานรายสัปดาห์(เงิน)'!AE53)*100/$I52 -> 0 | AF53: =('ผลงานรายสัปดาห์(เงิน)'!AF53)*100/$I52 -> 0 | AG53: =('ผลงานรายสัปดาห์(เงิน)'!AG53)*100/$I52 -> 0 | AH53: =('ผลงานรายสัปดาห์(เงิน)'!AH53)*100/$I52 -> 0 | AI53: =SUM(AE53:AH53) -> 0 | AJ53: =('ผลงานรายสัปดาห์(เงิน)'!AJ53)*100/$I52 -> 0 | AK53: =('ผลงานรายสัปดาห์(เงิน)'!AK53)*100/$I52 -> 0 | AL53: =('ผลงานรายสัปดาห์(เงิน)'!AL53)*100/$I52 -> 0 | AM53: =('ผลงานรายสัปดาห์(เงิน)'!AM53)*100/$I52 -> 0
B54: -1 | C54: งานคาน | D54: เหมาจ่าย | E54: 1 | F54: =แผนการก่อสร้าง!G59 -> 0 | G54: =แผนการก่อสร้าง!H59 -> 0 | H54: 1620450 | I54: 1620450 | J54: 0.67944769 | O54: งานคาน
L55: =('ผลงานรายสัปดาห์(เงิน)'!L55)*100/$I54 -> 0 | M55: =('ผลงานรายสัปดาห์(เงิน)'!M55)*100/$I54 -> 0 | P55: =('ผลงานรายสัปดาห์(เงิน)'!P55)*100/$I54 -> 0 | Q55: =('ผลงานรายสัปดาห์(เงิน)'!Q55)*100/$I54 -> 0 | R55: =('ผลงานรายสัปดาห์(เงิน)'!R55)*100/$I54 -> 0 | S55: =('ผลงานรายสัปดาห์(เงิน)'!S55)*100/$I54 -> 0 | T55: =SUM(P55:S55) -> 0 | U55: =('ผลงานรายสัปดาห์(เงิน)'!U55)*100/$I54 -> 0 | V55: =('ผลงานรายสัปดาห์(เงิน)'!V55)*100/$I54 -> 0 | W55: =('ผลงานรายสัปดาห์(เงิน)'!W55)*100/$I54 -> 0 | X55: =('ผลงานรายสัปดาห์(เงิน)'!X55)*100/$I54 -> 0 | Y55: =SUM(U55:X55) -> 0 | Z55: =('ผลงานรายสัปดาห์(เงิน)'!Z55)*100/$I54 -> 0 | AA55: =('ผลงานรายสัปดาห์(เงิน)'!AA55)*100/$I54 -> 0 | AB55: =('ผลงานรายสัปดาห์(เงิน)'!AB55)*100/$I54 -> 0 | AC55: =('ผลงานรายสัปดาห์(เงิน)'!AC55)*100/$I54 -> 0 | AD55: =SUM(Z55:AC55) -> 0 | AE55: =('ผลงานรายสัปดาห์(เงิน)'!AE55)*100/$I54 -> 0 | AF55: =('ผลงานรายสัปดาห์(เงิน)'!AF55)*100/$I54 -> 0 | AG55: =('ผลงานรายสัปดาห์(เงิน)'!AG55)*100/$I54 -> 0 | AH55: =('ผลงานรายสัปดาห์(เงิน)'!AH55)*100/$I54 -> 0 | AI55: =SUM(AE55:AH55) -> 0 | AJ55: =('ผลงานรายสัปดาห์(เงิน)'!AJ55)*100/$I54 -> 0 | AK55: =('ผลงานรายสัปดาห์(เงิน)'!AK55)*100/$I54 -> 0 | AL55: =('ผลงานรายสัปดาห์(เงิน)'!AL55)*100/$I54 -> 0 | AM55: =('ผลงานรายสัปดาห์(เงิน)'!AM55)*100/$I54 -> 0
B56: -2 | C56: งานราวกันตก และ งานระบายน้ำหลังเขื่อน | D56: เหมาจ่าย | E56: 1 | F56: =แผนการก่อสร้าง!G61 -> 0 | G56: =แผนการก่อสร้าง!H61 -> 0 | H56: 1340232 | I56: 1340232 | J56: 0.56195349 | O56: งานราวกันตก และ งานระบายน้ำหลังเขื่อน
L57: =('ผลงานรายสัปดาห์(เงิน)'!L57)*100/$I56 -> 0 | M57: =('ผลงานรายสัปดาห์(เงิน)'!M57)*100/$I56 -> 0 | P57: =('ผลงานรายสัปดาห์(เงิน)'!P57)*100/$I56 -> 0 | Q57: =('ผลงานรายสัปดาห์(เงิน)'!Q57)*100/$I56 -> 0 | R57: =('ผลงานรายสัปดาห์(เงิน)'!R57)*100/$I56 -> 0 | S57: =('ผลงานรายสัปดาห์(เงิน)'!S57)*100/$I56 -> 0 | T57: =SUM(P57:S57) -> 0 | U57: =('ผลงานรายสัปดาห์(เงิน)'!U57)*100/$I56 -> 0 | V57: =('ผลงานรายสัปดาห์(เงิน)'!V57)*100/$I56 -> 0 | W57: =('ผลงานรายสัปดาห์(เงิน)'!W57)*100/$I56 -> 0 | X57: =('ผลงานรายสัปดาห์(เงิน)'!X57)*100/$I56 -> 0 | Y57: =SUM(U57:X57) -> 0 | Z57: =('ผลงานรายสัปดาห์(เงิน)'!Z57)*100/$I56 -> 0 | AA57: =('ผลงานรายสัปดาห์(เงิน)'!AA57)*100/$I56 -> 0 | AB57: =('ผลงานรายสัปดาห์(เงิน)'!AB57)*100/$I56 -> 0 | AC57: =('ผลงานรายสัปดาห์(เงิน)'!AC57)*100/$I56 -> 0 | AD57: =SUM(Z57:AC57) -> 0 | AE57: =('ผลงานรายสัปดาห์(เงิน)'!AE57)*100/$I56 -> 0 | AF57: =('ผลงานรายสัปดาห์(เงิน)'!AF57)*100/$I56 -> 0 | AG57: =('ผลงานรายสัปดาห์(เงิน)'!AG57)*100/$I56 -> 0 | AH57: =('ผลงานรายสัปดาห์(เงิน)'!AH57)*100/$I56 -> 0 | AI57: =SUM(AE57:AH57) -> 0 | AJ57: =('ผลงานรายสัปดาห์(เงิน)'!AJ57)*100/$I56 -> 0 | AK57: =('ผลงานรายสัปดาห์(เงิน)'!AK57)*100/$I56 -> 0 | AL57: =('ผลงานรายสัปดาห์(เงิน)'!AL57)*100/$I56 -> 0 | AM57: =('ผลงานรายสัปดาห์(เงิน)'!AM57)*100/$I56 -> 0
B58: 1.8 | C58: งานเขื่อนป้องกันตลิ่ง แบบที่ 5 ช่วง | D58: เหมาจ่าย | E58: 1 | F58: =แผนการก่อสร้าง!G63 -> 0 | G58: =แผนการก่อสร้าง!H63 -> 19.939 | H58: 16172985 | I58: 16172985 | J58: 6.7812627 | O58: งานเขื่อนป้องกันตลิ่ง แบบที่ 5 ช่วง
L59: =('ผลงานรายสัปดาห์(เงิน)'!L59)*100/$I58 -> 19.939349 | M59: =('ผลงานรายสัปดาห์(เงิน)'!M59)*100/$I58 -> 19.939349 | P59: =('ผลงานรายสัปดาห์(เงิน)'!P59)*100/$I58 -> 0 | Q59: =('ผลงานรายสัปดาห์(เงิน)'!Q59)*100/$I58 -> 0 | R59: =('ผลงานรายสัปดาห์(เงิน)'!R59)*100/$I58 -> 0 | S59: =('ผลงานรายสัปดาห์(เงิน)'!S59)*100/$I58 -> 0.21509944 | T59: =SUM(P59:S59) -> 0.21509944 | U59: =('ผลงานรายสัปดาห์(เงิน)'!U59)*100/$I58 -> 0 | V59: =('ผลงานรายสัปดาห์(เงิน)'!V59)*100/$I58 -> 0 | W59: =('ผลงานรายสัปดาห์(เงิน)'!W59)*100/$I58 -> 5.3793409 | X59: =('ผลงานรายสัปดาห์(เงิน)'!X59)*100/$I58 -> 0 | Y59: =SUM(U59:X59) -> 5.3793409 | Z59: =('ผลงานรายสัปดาห์(เงิน)'!Z59)*100/$I58 -> 0 | AA59: =('ผลงานรายสัปดาห์(เงิน)'!AA59)*100/$I58 -> 0 | AB59: =('ผลงานรายสัปดาห์(เงิน)'!AB59)*100/$I58 -> 0 | AC59: =('ผลงานรายสัปดาห์(เงิน)'!AC59)*100/$I58 -> 14.344909 | AD59: =SUM(Z59:AC59) -> 14.344909 | AE59: =('ผลงานรายสัปดาห์(เงิน)'!AE59)*100/$I58 -> 0 | AF59: =('ผลงานรายสัปดาห์(เงิน)'!AF59)*100/$I58 -> 0 | AG59: =('ผลงานรายสัปดาห์(เงิน)'!AG59)*100/$I58 -> 0 | AH59: =('ผลงานรายสัปดาห์(เงิน)'!AH59)*100/$I58 -> 0 | AI59: =SUM(AE59:AH59) -> 0 | AJ59: =('ผลงานรายสัปดาห์(เงิน)'!AJ59)*100/$I58 -> 0 | AK59: =('ผลงานรายสัปดาห์(เงิน)'!AK59)*100/$I58 -> 0 | AL59: =('ผลงานรายสัปดาห์(เงิน)'!AL59)*100/$I58 -> 0 | AM59: =('ผลงานรายสัปดาห์(เงิน)'!AM59)*100/$I58 -> 0
B60: -1 | C60: งานคาน | D60: เหมาจ่าย | E60: 1 | F60: =แผนการก่อสร้าง!G65 -> 0 | G60: =แผนการก่อสร้าง!H65 -> 0 | H60: 1828365 | I60: 1828365 | J60: 0.76662555 | O60: งานคาน
L61: =('ผลงานรายสัปดาห์(เงิน)'!L61)*100/$I60 -> 0 | M61: =('ผลงานรายสัปดาห์(เงิน)'!M61)*100/$I60 -> 0 | P61: =('ผลงานรายสัปดาห์(เงิน)'!P61)*100/$I60 -> 0 | Q61: =('ผลงานรายสัปดาห์(เงิน)'!Q61)*100/$I60 -> 0 | R61: =('ผลงานรายสัปดาห์(เงิน)'!R61)*100/$I60 -> 0 | S61: =('ผลงานรายสัปดาห์(เงิน)'!S61)*100/$I60 -> 0 | T61: =SUM(P61:S61) -> 0 | U61: =('ผลงานรายสัปดาห์(เงิน)'!U61)*100/$I60 -> 0 | V61: =('ผลงานรายสัปดาห์(เงิน)'!V61)*100/$I60 -> 0 | W61: =('ผลงานรายสัปดาห์(เงิน)'!W61)*100/$I60 -> 0 | X61: =('ผลงานรายสัปดาห์(เงิน)'!X61)*100/$I60 -> 0 | Y61: =SUM(U61:X61) -> 0 | Z61: =('ผลงานรายสัปดาห์(เงิน)'!Z61)*100/$I60 -> 0 | AA61: =('ผลงานรายสัปดาห์(เงิน)'!AA61)*100/$I60 -> 0 | AB61: =('ผลงานรายสัปดาห์(เงิน)'!AB61)*100/$I60 -> 0 | AC61: =('ผลงานรายสัปดาห์(เงิน)'!AC61)*100/$I60 -> 0 | AD61: =SUM(Z61:AC61) -> 0 | AE61: =('ผลงานรายสัปดาห์(เงิน)'!AE61)*100/$I60 -> 0 | AF61: =('ผลงานรายสัปดาห์(เงิน)'!AF61)*100/$I60 -> 0 | AG61: =('ผลงานรายสัปดาห์(เงิน)'!AG61)*100/$I60 -> 0 | AH61: =('ผลงานรายสัปดาห์(เงิน)'!AH61)*100/$I60 -> 0 | AI61: =SUM(AE61:AH61) -> 0 | AJ61: =('ผลงานรายสัปดาห์(เงิน)'!AJ61)*100/$I60 -> 0 | AK61: =('ผลงานรายสัปดาห์(เงิน)'!AK61)*100/$I60 -> 0 | AL61: =('ผลงานรายสัปดาห์(เงิน)'!AL61)*100/$I60 -> 0 | AM61: =('ผลงานรายสัปดาห์(เงิน)'!AM61)*100/$I60 -> 0
B62: -2 | C62: งานราวกันตก และ งานระบายน้ำหลังเขื่อน | D62: เหมาจ่าย | E62: 1 | F62: =แผนการก่อสร้าง!G67 -> 0 | G62: =แผนการก่อสร้าง!H67 -> 0 | H62: 2138194 | I62: 2138194 | J62: 0.89653551 | O62: งานราวกันตก และ งานระบายน้ำหลังเขื่อน
L63: =('ผลงานรายสัปดาห์(เงิน)'!L63)*100/$I62 -> 0 | M63: =('ผลงานรายสัปดาห์(เงิน)'!M63)*100/$I62 -> 0 | P63: =('ผลงานรายสัปดาห์(เงิน)'!P63)*100/$I62 -> 0 | Q63: =('ผลงานรายสัปดาห์(เงิน)'!Q63)*100/$I62 -> 0 | R63: =('ผลงานรายสัปดาห์(เงิน)'!R63)*100/$I62 -> 0 | S63: =('ผลงานรายสัปดาห์(เงิน)'!S63)*100/$I62 -> 0 | T63: =SUM(P63:S63) -> 0 | U63: =('ผลงานรายสัปดาห์(เงิน)'!U63)*100/$I62 -> 0 | V63: =('ผลงานรายสัปดาห์(เงิน)'!V63)*100/$I62 -> 0 | W63: =('ผลงานรายสัปดาห์(เงิน)'!W63)*100/$I62 -> 0 | X63: =('ผลงานรายสัปดาห์(เงิน)'!X63)*100/$I62 -> 0 | Y63: =SUM(U63:X63) -> 0 | Z63: =('ผลงานรายสัปดาห์(เงิน)'!Z63)*100/$I62 -> 0 | AA63: =('ผลงานรายสัปดาห์(เงิน)'!AA63)*100/$I62 -> 0 | AB63: =('ผลงานรายสัปดาห์(เงิน)'!AB63)*100/$I62 -> 0 | AC63: =('ผลงานรายสัปดาห์(เงิน)'!AC63)*100/$I62 -> 0 | AD63: =SUM(Z63:AC63) -> 0 | AE63: =('ผลงานรายสัปดาห์(เงิน)'!AE63)*100/$I62 -> 0 | AF63: =('ผลงานรายสัปดาห์(เงิน)'!AF63)*100/$I62 -> 0 | AG63: =('ผลงานรายสัปดาห์(เงิน)'!AG63)*100/$I62 -> 0 | AH63: =('ผลงานรายสัปดาห์(เงิน)'!AH63)*100/$I62 -> 0 | AI63: =SUM(AE63:AH63) -> 0 | AJ63: =('ผลงานรายสัปดาห์(เงิน)'!AJ63)*100/$I62 -> 0 | AK63: =('ผลงานรายสัปดาห์(เงิน)'!AK63)*100/$I62 -> 0 | AL63: =('ผลงานรายสัปดาห์(เงิน)'!AL63)*100/$I62 -> 0 | AM63: =('ผลงานรายสัปดาห์(เงิน)'!AM63)*100/$I62 -> 0
B64: 1.9 | C64: งานเขื่อนป้องกันตลิ่ง แบบที่ 6 ช่วงที่ 1 | D64: เหมาจ่าย | E64: 1 | F64: =แผนการก่อสร้าง!G69 -> 0 | G64: =แผนการก่อสร้าง!H69 -> 0 | H64: 344287 | I64: 344287 | J64: 0.14435805 | O64: งานเขื่อนป้องกันตลิ่ง แบบที่ 6 ช่วงที่ 1
L65: =('ผลงานรายสัปดาห์(เงิน)'!L65)*100/$I64 -> 0 | M65: =('ผลงานรายสัปดาห์(เงิน)'!M65)*100/$I64 -> 0 | P65: =('ผลงานรายสัปดาห์(เงิน)'!P65)*100/$I64 -> 0 | Q65: =('ผลงานรายสัปดาห์(เงิน)'!Q65)*100/$I64 -> 0 | R65: =('ผลงานรายสัปดาห์(เงิน)'!R65)*100/$I64 -> 0 | S65: =('ผลงานรายสัปดาห์(เงิน)'!S65)*100/$I64 -> 0 | T65: =SUM(P65:S65) -> 0 | U65: =('ผลงานรายสัปดาห์(เงิน)'!U65)*100/$I64 -> 0 | V65: =('ผลงานรายสัปดาห์(เงิน)'!V65)*100/$I64 -> 0 | W65: =('ผลงานรายสัปดาห์(เงิน)'!W65)*100/$I64 -> 0 | X65: =('ผลงานรายสัปดาห์(เงิน)'!X65)*100/$I64 -> 0 | Y65: =SUM(U65:X65) -> 0 | Z65: =('ผลงานรายสัปดาห์(เงิน)'!Z65)*100/$I64 -> 0 | AA65: =('ผลงานรายสัปดาห์(เงิน)'!AA65)*100/$I64 -> 0 | AB65: =('ผลงานรายสัปดาห์(เงิน)'!AB65)*100/$I64 -> 0 | AC65: =('ผลงานรายสัปดาห์(เงิน)'!AC65)*100/$I64 -> 0 | AD65: =SUM(Z65:AC65) -> 0 | AE65: =('ผลงานรายสัปดาห์(เงิน)'!AE65)*100/$I64 -> 0 | AF65: =('ผลงานรายสัปดาห์(เงิน)'!AF65)*100/$I64 -> 0 | AG65: =('ผลงานรายสัปดาห์(เงิน)'!AG65)*100/$I64 -> 0 | AH65: =('ผลงานรายสัปดาห์(เงิน)'!AH65)*100/$I64 -> 0 | AI65: =SUM(AE65:AH65) -> 0 | AJ65: =('ผลงานรายสัปดาห์(เงิน)'!AJ65)*100/$I64 -> 0 | AK65: =('ผลงานรายสัปดาห์(เงิน)'!AK65)*100/$I64 -> 0 | AL65: =('ผลงานรายสัปดาห์(เงิน)'!AL65)*100/$I64 -> 0 | AM65: =('ผลงานรายสัปดาห์(เงิน)'!AM65)*100/$I64 -> 0
B66: 1.1 | C66: งานเขื่อนป้องกันตลิ่ง แบบที่ 6 ช่วงที่ 2 | D66: เหมาจ่าย | E66: 1 | F66: =แผนการก่อสร้าง!G71 -> 0 | G66: =แผนการก่อสร้าง!H71 -> 0 | H66: 1601756 | I66: 1601756 | J66: 0.67160937 | O66: งานเขื่อนป้องกันตลิ่ง แบบที่ 6 ช่วงที่ 2
L67: =('ผลงานรายสัปดาห์(เงิน)'!L67)*100/$I66 -> 0 | M67: =('ผลงานรายสัปดาห์(เงิน)'!M67)*100/$I66 -> 0 | P67: =('ผลงานรายสัปดาห์(เงิน)'!P67)*100/$I66 -> 0 | Q67: =('ผลงานรายสัปดาห์(เงิน)'!Q67)*100/$I66 -> 0 | R67: =('ผลงานรายสัปดาห์(เงิน)'!R67)*100/$I66 -> 0 | S67: =('ผลงานรายสัปดาห์(เงิน)'!S67)*100/$I66 -> 0 | T67: =SUM(P67:S67) -> 0 | U67: =('ผลงานรายสัปดาห์(เงิน)'!U67)*100/$I66 -> 0 | V67: =('ผลงานรายสัปดาห์(เงิน)'!V67)*100/$I66 -> 0 | W67: =('ผลงานรายสัปดาห์(เงิน)'!W67)*100/$I66 -> 0 | X67: =('ผลงานรายสัปดาห์(เงิน)'!X67)*100/$I66 -> 0 | Y67: =SUM(U67:X67) -> 0 | Z67: =('ผลงานรายสัปดาห์(เงิน)'!Z67)*100/$I66 -> 0 | AA67: =('ผลงานรายสัปดาห์(เงิน)'!AA67)*100/$I66 -> 0 | AB67: =('ผลงานรายสัปดาห์(เงิน)'!AB67)*100/$I66 -> 0 | AC67: =('ผลงานรายสัปดาห์(เงิน)'!AC67)*100/$I66 -> 0 | AD67: =SUM(Z67:AC67) -> 0 | AE67: =('ผลงานรายสัปดาห์(เงิน)'!AE67)*100/$I66 -> 0 | AF67: =('ผลงานรายสัปดาห์(เงิน)'!AF67)*100/$I66 -> 0 | AG67: =('ผลงานรายสัปดาห์(เงิน)'!AG67)*100/$I66 -> 0 | AH67: =('ผลงานรายสัปดาห์(เงิน)'!AH67)*100/$I66 -> 0 | AI67: =SUM(AE67:AH67) -> 0 | AJ67: =('ผลงานรายสัปดาห์(เงิน)'!AJ67)*100/$I66 -> 0 | AK67: =('ผลงานรายสัปดาห์(เงิน)'!AK67)*100/$I66 -> 0 | AL67: =('ผลงานรายสัปดาห์(เงิน)'!AL67)*100/$I66 -> 0 | AM67: =('ผลงานรายสัปดาห์(เงิน)'!AM67)*100/$I66 -> 0
B68: 1.11 | C68: งานเขื่อนป้องกันตลิ่ง แบบที่ 6 ช่วงที่ 3 | D68: เหมาจ่าย | E68: 1 | F68: =แผนการก่อสร้าง!G73 -> 0 | G68: =แผนการก่อสร้าง!H73 -> 0 | H68: 333944 | I68: 333944 | J68: 0.14002128 | O68: งานเขื่อนป้องกันตลิ่ง แบบที่ 6 ช่วงที่ 3
L69: =('ผลงานรายสัปดาห์(เงิน)'!L69)*100/$I68 -> 0 | M69: =('ผลงานรายสัปดาห์(เงิน)'!M69)*100/$I68 -> 0 | P69: =('ผลงานรายสัปดาห์(เงิน)'!P69)*100/$I68 -> 0 | Q69: =('ผลงานรายสัปดาห์(เงิน)'!Q69)*100/$I68 -> 0 | R69: =('ผลงานรายสัปดาห์(เงิน)'!R69)*100/$I68 -> 0 | S69: =('ผลงานรายสัปดาห์(เงิน)'!S69)*100/$I68 -> 0 | T69: =SUM(P69:S69) -> 0 | U69: =('ผลงานรายสัปดาห์(เงิน)'!U69)*100/$I68 -> 0 | V69: =('ผลงานรายสัปดาห์(เงิน)'!V69)*100/$I68 -> 0 | W69: =('ผลงานรายสัปดาห์(เงิน)'!W69)*100/$I68 -> 0 | X69: =('ผลงานรายสัปดาห์(เงิน)'!X69)*100/$I68 -> 0 | Y69: =SUM(U69:X69) -> 0 | Z69: =('ผลงานรายสัปดาห์(เงิน)'!Z69)*100/$I68 -> 0 | AA69: =('ผลงานรายสัปดาห์(เงิน)'!AA69)*100/$I68 -> 0 | AB69: =('ผลงานรายสัปดาห์(เงิน)'!AB69)*100/$I68 -> 0 | AC69: =('ผลงานรายสัปดาห์(เงิน)'!AC69)*100/$I68 -> 0 | AD69: =SUM(Z69:AC69) -> 0 | AE69: =('ผลงานรายสัปดาห์(เงิน)'!AE69)*100/$I68 -> 0 | AF69: =('ผลงานรายสัปดาห์(เงิน)'!AF69)*100/$I68 -> 0 | AG69: =('ผลงานรายสัปดาห์(เงิน)'!AG69)*100/$I68 -> 0 | AH69: =('ผลงานรายสัปดาห์(เงิน)'!AH69)*100/$I68 -> 0 | AI69: =SUM(AE69:AH69) -> 0 | AJ69: =('ผลงานรายสัปดาห์(เงิน)'!AJ69)*100/$I68 -> 0 | AK69: =('ผลงานรายสัปดาห์(เงิน)'!AK69)*100/$I68 -> 0 | AL69: =('ผลงานรายสัปดาห์(เงิน)'!AL69)*100/$I68 -> 0 | AM69: =('ผลงานรายสัปดาห์(เงิน)'!AM69)*100/$I68 -> 0
B70: 1.12 | C70: งานเขื่อนป้องกันตลิ่ง แบบที่ 7 | D70: เหมาจ่าย | E70: 1 | F70: =แผนการก่อสร้าง!G75 -> 0 | G70: =แผนการก่อสร้าง!H75 -> 0 | H70: 1597253 | I70: 1597253 | J70: 0.66972128 | O70: งานเขื่อนป้องกันตลิ่ง แบบที่ 7
L71: =('ผลงานรายสัปดาห์(เงิน)'!L71)*100/$I70 -> 0 | M71: =('ผลงานรายสัปดาห์(เงิน)'!M71)*100/$I70 -> 0 | P71: =('ผลงานรายสัปดาห์(เงิน)'!P71)*100/$I70 -> 0 | Q71: =('ผลงานรายสัปดาห์(เงิน)'!Q71)*100/$I70 -> 0 | R71: =('ผลงานรายสัปดาห์(เงิน)'!R71)*100/$I70 -> 0 | S71: =('ผลงานรายสัปดาห์(เงิน)'!S71)*100/$I70 -> 0 | T71: =SUM(P71:S71) -> 0 | U71: =('ผลงานรายสัปดาห์(เงิน)'!U71)*100/$I70 -> 0 | V71: =('ผลงานรายสัปดาห์(เงิน)'!V71)*100/$I70 -> 0 | W71: =('ผลงานรายสัปดาห์(เงิน)'!W71)*100/$I70 -> 0 | X71: =('ผลงานรายสัปดาห์(เงิน)'!X71)*100/$I70 -> 0 | Y71: =SUM(U71:X71) -> 0 | Z71: =('ผลงานรายสัปดาห์(เงิน)'!Z71)*100/$I70 -> 0 | AA71: =('ผลงานรายสัปดาห์(เงิน)'!AA71)*100/$I70 -> 0 | AB71: =('ผลงานรายสัปดาห์(เงิน)'!AB71)*100/$I70 -> 0 | AC71: =('ผลงานรายสัปดาห์(เงิน)'!AC71)*100/$I70 -> 0 | AD71: =SUM(Z71:AC71) -> 0 | AE71: =('ผลงานรายสัปดาห์(เงิน)'!AE71)*100/$I70 -> 0 | AF71: =('ผลงานรายสัปดาห์(เงิน)'!AF71)*100/$I70 -> 0 | AG71: =('ผลงานรายสัปดาห์(เงิน)'!AG71)*100/$I70 -> 0 | AH71: =('ผลงานรายสัปดาห์(เงิน)'!AH71)*100/$I70 -> 0 | AI71: =SUM(AE71:AH71) -> 0 | AJ71: =('ผลงานรายสัปดาห์(เงิน)'!AJ71)*100/$I70 -> 0 | AK71: =('ผลงานรายสัปดาห์(เงิน)'!AK71)*100/$I70 -> 0 | AL71: =('ผลงานรายสัปดาห์(เงิน)'!AL71)*100/$I70 -> 0 | AM71: =('ผลงานรายสัปดาห์(เงิน)'!AM71)*100/$I70 -> 0
B72: 2 | C72: งานปรับปรุงภูมิทัศน์ | F72: =แผนการก่อสร้าง!G77 -> 0 | G72: =แผนการก่อสร้าง!H77 -> 0 | O72: งานปรับปรุงภูมิทัศน์
F73: =แผนการก่อสร้าง!G78 -> 0 | G73: =แผนการก่อสร้าง!H78 -> 0
B74: 2.1 | C74: งานปรับปรุงภูมิทัศน์บริเวณลานทางเข้าเทศบาลตำบลหัวรอ | D74: เหมาจ่าย | E74: 1 | F74: =แผนการก่อสร้าง!G79 -> 0 | G74: =แผนการก่อสร้าง!H79 -> 0 | H74: 3297434 | I74: 3297434 | J74: 1.3825998 | O74: งานปรับปรุงภูมิทัศน์บริเวณลานทางเข้าเทศบาลตำบลหัวรอ
L75: =('ผลงานรายสัปดาห์(เงิน)'!L75)*100/$I74 -> 0 | M75: =('ผลงานรายสัปดาห์(เงิน)'!M75)*100/$I74 -> 0 | P75: =('ผลงานรายสัปดาห์(เงิน)'!P75)*100/$I74 -> 0 | Q75: =('ผลงานรายสัปดาห์(เงิน)'!Q75)*100/$I74 -> 0 | R75: =('ผลงานรายสัปดาห์(เงิน)'!R75)*100/$I74 -> 0 | S75: =('ผลงานรายสัปดาห์(เงิน)'!S75)*100/$I74 -> 0 | T75: =SUM(P75:S75) -> 0 | U75: =('ผลงานรายสัปดาห์(เงิน)'!U75)*100/$I74 -> 0 | V75: =('ผลงานรายสัปดาห์(เงิน)'!V75)*100/$I74 -> 0 | W75: =('ผลงานรายสัปดาห์(เงิน)'!W75)*100/$I74 -> 0 | X75: =('ผลงานรายสัปดาห์(เงิน)'!X75)*100/$I74 -> 0 | Y75: =SUM(U75:X75) -> 0 | Z75: =('ผลงานรายสัปดาห์(เงิน)'!Z75)*100/$I74 -> 0 | AA75: =('ผลงานรายสัปดาห์(เงิน)'!AA75)*100/$I74 -> 0 | AB75: =('ผลงานรายสัปดาห์(เงิน)'!AB75)*100/$I74 -> 0 | AC75: =('ผลงานรายสัปดาห์(เงิน)'!AC75)*100/$I74 -> 0 | AD75: =SUM(Z75:AC75) -> 0 | AE75: =('ผลงานรายสัปดาห์(เงิน)'!AE75)*100/$I74 -> 0 | AF75: =('ผลงานรายสัปดาห์(เงิน)'!AF75)*100/$I74 -> 0 | AG75: =('ผลงานรายสัปดาห์(เงิน)'!AG75)*100/$I74 -> 0 | AH75: =('ผลงานรายสัปดาห์(เงิน)'!AH75)*100/$I74 -> 0 | AI75: =SUM(AE75:AH75) -> 0 | AJ75: =('ผลงานรายสัปดาห์(เงิน)'!AJ75)*100/$I74 -> 0 | AK75: =('ผลงานรายสัปดาห์(เงิน)'!AK75)*100/$I74 -> 0 | AL75: =('ผลงานรายสัปดาห์(เงิน)'!AL75)*100/$I74 -> 0 | AM75: =('ผลงานรายสัปดาห์(เงิน)'!AM75)*100/$I74 -> 0
B76: 2.2 | C76: งานปรับปรุงทางปั่นจักรยาน ริมเขื่อนป้องกันตลิ่งบริเวณวัดโพธิญาณ - ชุมชนวัดน้อย ตำบลในเมือง | D76: เหมาจ่าย | E76: 1 | F76: =แผนการก่อสร้าง!G81 -> 0.00157 | G76: =แผนการก่อสร้าง!H81 -> 0.157 | H76: 22731675 | I76: 22731675 | J76: 9.5312931 | O76: งานปรับปรุงทางปั่นจักรยาน ริมเขื่อนป้องกันตลิ่งบริเวณวัดโพธิญาณ - ชุมชนวัดน้อย ตำบลในเมือง
L77: =('ผลงานรายสัปดาห์(เงิน)'!L77)*100/$I76 -> 0.15715516 | M77: =('ผลงานรายสัปดาห์(เงิน)'!M77)*100/$I76 -> 0.15715516 | P77: =('ผลงานรายสัปดาห์(เงิน)'!P77)*100/$I76 -> 0 | Q77: =('ผลงานรายสัปดาห์(เงิน)'!Q77)*100/$I76 -> 0 | R77: =('ผลงานรายสัปดาห์(เงิน)'!R77)*100/$I76 -> 0 | S77: =('ผลงานรายสัปดาห์(เงิน)'!S77)*100/$I76 -> 0.15715516 | T77: =SUM(P77:S77) -> 0.15715516 | U77: =('ผลงานรายสัปดาห์(เงิน)'!U77)*100/$I76 -> 0 | V77: =('ผลงานรายสัปดาห์(เงิน)'!V77)*100/$I76 -> 0 | W77: =('ผลงานรายสัปดาห์(เงิน)'!W77)*100/$I76 -> 0 | X77: =('ผลงานรายสัปดาห์(เงิน)'!X77)*100/$I76 -> 0 | Y77: =SUM(U77:X77) -> 0 | Z77: =('ผลงานรายสัปดาห์(เงิน)'!Z77)*100/$I76 -> 0 | AA77: =('ผลงานรายสัปดาห์(เงิน)'!AA77)*100/$I76 -> 0 | AB77: =('ผลงานรายสัปดาห์(เงิน)'!AB77)*100/$I76 -> 0 | AC77: =('ผลงานรายสัปดาห์(เงิน)'!AC77)*100/$I76 -> 0 | AD77: =SUM(Z77:AC77) -> 0 | AE77: =('ผลงานรายสัปดาห์(เงิน)'!AE77)*100/$I76 -> 0 | AF77: =('ผลงานรายสัปดาห์(เงิน)'!AF77)*100/$I76 -> 0 | AG77: =('ผลงานรายสัปดาห์(เงิน)'!AG77)*100/$I76 -> 0 | AH77: =('ผลงานรายสัปดาห์(เงิน)'!AH77)*100/$I76 -> 0 | AI77: =SUM(AE77:AH77) -> 0 | AJ77: =('ผลงานรายสัปดาห์(เงิน)'!AJ77)*100/$I76 -> 0 | AK77: =('ผลงานรายสัปดาห์(เงิน)'!AK77)*100/$I76 -> 0 | AL77: =('ผลงานรายสัปดาห์(เงิน)'!AL77)*100/$I76 -> 0 | AM77: =('ผลงานรายสัปดาห์(เงิน)'!AM77)*100/$I76 -> 0
B78: 3 | C78: งานทาง | F78: =แผนการก่อสร้าง!G83 -> 0 | G78: =แผนการก่อสร้าง!H83 -> 0 | O78: งานทาง
F79: =แผนการก่อสร้าง!G84 -> 0 | G79: =แผนการก่อสร้าง!H84 -> 0
B80: 3.1 | C80: งานถนนสาย F ช่วงที่ 1 | D80: เหมาจ่าย | E80: 1 | F80: =แผนการก่อสร้าง!G85 -> 0.1623 | G80: =แผนการก่อสร้าง!H85 -> 16.23 | H80: 20579504 | I80: 20579504 | J80: 8.6288971 | O80: งานถนนสาย F ช่วงที่ 1
L81: =('ผลงานรายสัปดาห์(เงิน)'!L81)*100/$I80 -> 16.22974 | M81: =('ผลงานรายสัปดาห์(เงิน)'!M81)*100/$I80 -> 16.22974 | P81: =('ผลงานรายสัปดาห์(เงิน)'!P81)*100/$I80 -> 0 | Q81: =('ผลงานรายสัปดาห์(เงิน)'!Q81)*100/$I80 -> 0 | R81: =('ผลงานรายสัปดาห์(เงิน)'!R81)*100/$I80 -> 0 | S81: =('ผลงานรายสัปดาห์(เงิน)'!S81)*100/$I80 -> 0 | T81: =SUM(P81:S81) -> 0 | U81: =('ผลงานรายสัปดาห์(เงิน)'!U81)*100/$I80 -> 0 | V81: =('ผลงานรายสัปดาห์(เงิน)'!V81)*100/$I80 -> 0 | W81: =('ผลงานรายสัปดาห์(เงิน)'!W81)*100/$I80 -> 16.22974 | X81: =('ผลงานรายสัปดาห์(เงิน)'!X81)*100/$I80 -> 0 | Y81: =SUM(U81:X81) -> 16.22974 | Z81: =('ผลงานรายสัปดาห์(เงิน)'!Z81)*100/$I80 -> 0 | AA81: =('ผลงานรายสัปดาห์(เงิน)'!AA81)*100/$I80 -> 0 | AB81: =('ผลงานรายสัปดาห์(เงิน)'!AB81)*100/$I80 -> 0 | AC81: =('ผลงานรายสัปดาห์(เงิน)'!AC81)*100/$I80 -> 0 | AD81: =SUM(Z81:AC81) -> 0 | AE81: =('ผลงานรายสัปดาห์(เงิน)'!AE81)*100/$I80 -> 0 | AF81: =('ผลงานรายสัปดาห์(เงิน)'!AF81)*100/$I80 -> 0 | AG81: =('ผลงานรายสัปดาห์(เงิน)'!AG81)*100/$I80 -> 0 | AH81: =('ผลงานรายสัปดาห์(เงิน)'!AH81)*100/$I80 -> 0 | AI81: =SUM(AE81:AH81) -> 0 | AJ81: =('ผลงานรายสัปดาห์(เงิน)'!AJ81)*100/$I80 -> 0 | AK81: =('ผลงานรายสัปดาห์(เงิน)'!AK81)*100/$I80 -> 0 | AL81: =('ผลงานรายสัปดาห์(เงิน)'!AL81)*100/$I80 -> 0 | AM81: =('ผลงานรายสัปดาห์(เงิน)'!AM81)*100/$I80 -> 0
B82: 3.2 | C82: งานถนนสาย F ช่วงที่ 2 | D82: เหมาจ่าย | E82: 1 | F82: =แผนการก่อสร้าง!G87 -> 0.26986 | G82: =แผนการก่อสร้าง!H87 -> 26.986 | H82: 17824270 | I82: 17824270 | J82: 7.4736394 | O82: งานถนนสาย F ช่วงที่ 2
L83: =('ผลงานรายสัปดาห์(เงิน)'!L83)*100/$I82 -> 26.985677 | M83: =('ผลงานรายสัปดาห์(เงิน)'!M83)*100/$I82 -> 26.985677 | P83: =('ผลงานรายสัปดาห์(เงิน)'!P83)*100/$I82 -> 0 | Q83: =('ผลงานรายสัปดาห์(เงิน)'!Q83)*100/$I82 -> 0 | R83: =('ผลงานรายสัปดาห์(เงิน)'!R83)*100/$I82 -> 0 | S83: =('ผลงานรายสัปดาห์(เงิน)'!S83)*100/$I82 -> 0 | T83: =SUM(P83:S83) -> 0 | U83: =('ผลงานรายสัปดาห์(เงิน)'!U83)*100/$I82 -> 0 | V83: =('ผลงานรายสัปดาห์(เงิน)'!V83)*100/$I82 -> 0 | W83: =('ผลงานรายสัปดาห์(เงิน)'!W83)*100/$I82 -> 0 | X83: =('ผลงานรายสัปดาห์(เงิน)'!X83)*100/$I82 -> 0 | Y83: =SUM(U83:X83) -> 0 | Z83: =('ผลงานรายสัปดาห์(เงิน)'!Z83)*100/$I82 -> 0 | AA83: =('ผลงานรายสัปดาห์(เงิน)'!AA83)*100/$I82 -> 0 | AB83: =('ผลงานรายสัปดาห์(เงิน)'!AB83)*100/$I82 -> 0 | AC83: =('ผลงานรายสัปดาห์(เงิน)'!AC83)*100/$I82 -> 26.985677 | AD83: =SUM(Z83:AC83) -> 26.985677 | AE83: =('ผลงานรายสัปดาห์(เงิน)'!AE83)*100/$I82 -> 0 | AF83: =('ผลงานรายสัปดาห์(เงิน)'!AF83)*100/$I82 -> 0 | AG83: =('ผลงานรายสัปดาห์(เงิน)'!AG83)*100/$I82 -> 0 | AH83: =('ผลงานรายสัปดาห์(เงิน)'!AH83)*100/$I82 -> 0 | AI83: =SUM(AE83:AH83) -> 0 | AJ83: =('ผลงานรายสัปดาห์(เงิน)'!AJ83)*100/$I82 -> 0 | AK83: =('ผลงานรายสัปดาห์(เงิน)'!AK83)*100/$I82 -> 0 | AL83: =('ผลงานรายสัปดาห์(เงิน)'!AL83)*100/$I82 -> 0 | AM83: =('ผลงานรายสัปดาห์(เงิน)'!AM83)*100/$I82 -> 0
B84: 3.3 | C84: งานถนนสาย F ช่วงที่ 3 | D84: เหมาจ่าย | E84: 1 | F84: =แผนการก่อสร้าง!G89 -> 0.21559 | G84: =แผนการก่อสร้าง!H89 -> 21.559 | H84: 24768803 | I84: 24768803 | J84: 10.385452 | O84: งานถนนสาย F ช่วงที่ 3
L85: =('ผลงานรายสัปดาห์(เงิน)'!L85)*100/$I84 -> 21.559379 | M85: =('ผลงานรายสัปดาห์(เงิน)'!M85)*100/$I84 -> 21.559379 | P85: =('ผลงานรายสัปดาห์(เงิน)'!P85)*100/$I84 -> 0 | Q85: =('ผลงานรายสัปดาห์(เงิน)'!Q85)*100/$I84 -> 0 | R85: =('ผลงานรายสัปดาห์(เงิน)'!R85)*100/$I84 -> 0 | S85: =('ผลงานรายสัปดาห์(เงิน)'!S85)*100/$I84 -> 0 | T85: =SUM(P85:S85) -> 0 | U85: =('ผลงานรายสัปดาห์(เงิน)'!U85)*100/$I84 -> 0 | V85: =('ผลงานรายสัปดาห์(เงิน)'!V85)*100/$I84 -> 0 | W85: =('ผลงานรายสัปดาห์(เงิน)'!W85)*100/$I84 -> 21.559379 | X85: =('ผลงานรายสัปดาห์(เงิน)'!X85)*100/$I84 -> 0 | Y85: =SUM(U85:X85) -> 21.559379 | Z85: =('ผลงานรายสัปดาห์(เงิน)'!Z85)*100/$I84 -> 0 | AA85: =('ผลงานรายสัปดาห์(เงิน)'!AA85)*100/$I84 -> 0 | AB85: =('ผลงานรายสัปดาห์(เงิน)'!AB85)*100/$I84 -> 0 | AC85: =('ผลงานรายสัปดาห์(เงิน)'!AC85)*100/$I84 -> 0 | AD85: =SUM(Z85:AC85) -> 0 | AE85: =('ผลงานรายสัปดาห์(เงิน)'!AE85)*100/$I84 -> 0 | AF85: =('ผลงานรายสัปดาห์(เงิน)'!AF85)*100/$I84 -> 0 | AG85: =('ผลงานรายสัปดาห์(เงิน)'!AG85)*100/$I84 -> 0 | AH85: =('ผลงานรายสัปดาห์(เงิน)'!AH85)*100/$I84 -> 0 | AI85: =SUM(AE85:AH85) -> 0 | AJ85: =('ผลงานรายสัปดาห์(เงิน)'!AJ85)*100/$I84 -> 0 | AK85: =('ผลงานรายสัปดาห์(เงิน)'!AK85)*100/$I84 -> 0 | AL85: =('ผลงานรายสัปดาห์(เงิน)'!AL85)*100/$I84 -> 0 | AM85: =('ผลงานรายสัปดาห์(เงิน)'!AM85)*100/$I84 -> 0
B86: 3.4 | C86: งานถนนสาย G | D86: เหมาจ่าย | E86: 1 | F86: =แผนการก่อสร้าง!G91 -> 0 | G86: =แผนการก่อสร้าง!H91 -> 0 | H86: 2252864 | I86: 2252864 | J86: 0.94461614 | O86: งานถนนสาย G
L87: =('ผลงานรายสัปดาห์(เงิน)'!L87)*100/$I86 -> 0 | M87: =('ผลงานรายสัปดาห์(เงิน)'!M87)*100/$I86 -> 0 | P87: =('ผลงานรายสัปดาห์(เงิน)'!P87)*100/$I86 -> 0 | Q87: =('ผลงานรายสัปดาห์(เงิน)'!Q87)*100/$I86 -> 0 | R87: =('ผลงานรายสัปดาห์(เงิน)'!R87)*100/$I86 -> 0 | S87: =('ผลงานรายสัปดาห์(เงิน)'!S87)*100/$I86 -> 0 | T87: =SUM(P87:S87) -> 0 | U87: =('ผลงานรายสัปดาห์(เงิน)'!U87)*100/$I86 -> 0 | V87: =('ผลงานรายสัปดาห์(เงิน)'!V87)*100/$I86 -> 0 | W87: =('ผลงานรายสัปดาห์(เงิน)'!W87)*100/$I86 -> 0 | X87: =('ผลงานรายสัปดาห์(เงิน)'!X87)*100/$I86 -> 0 | Y87: =SUM(U87:X87) -> 0 | Z87: =('ผลงานรายสัปดาห์(เงิน)'!Z87)*100/$I86 -> 0 | AA87: =('ผลงานรายสัปดาห์(เงิน)'!AA87)*100/$I86 -> 0 | AB87: =('ผลงานรายสัปดาห์(เงิน)'!AB87)*100/$I86 -> 0 | AC87: =('ผลงานรายสัปดาห์(เงิน)'!AC87)*100/$I86 -> 0 | AD87: =SUM(Z87:AC87) -> 0 | AE87: =('ผลงานรายสัปดาห์(เงิน)'!AE87)*100/$I86 -> 0 | AF87: =('ผลงานรายสัปดาห์(เงิน)'!AF87)*100/$I86 -> 0 | AG87: =('ผลงานรายสัปดาห์(เงิน)'!AG87)*100/$I86 -> 0 | AH87: =('ผลงานรายสัปดาห์(เงิน)'!AH87)*100/$I86 -> 0 | AI87: =SUM(AE87:AH87) -> 0 | AJ87: =('ผลงานรายสัปดาห์(เงิน)'!AJ87)*100/$I86 -> 0 | AK87: =('ผลงานรายสัปดาห์(เงิน)'!AK87)*100/$I86 -> 0 | AL87: =('ผลงานรายสัปดาห์(เงิน)'!AL87)*100/$I86 -> 0 | AM87: =('ผลงานรายสัปดาห์(เงิน)'!AM87)*100/$I86 -> 0
B88: 3.5 | C88: งานถนนสาย H | D88: เหมาจ่าย | E88: 1 | F88: =แผนการก่อสร้าง!G93 -> 0 | G88: =แผนการก่อสร้าง!H93 -> 0 | H88: 1866144 | I88: 1866144 | J88: 0.78246612 | O88: งานถนนสาย H
L89: =('ผลงานรายสัปดาห์(เงิน)'!L89)*100/$I88 -> 0 | M89: =('ผลงานรายสัปดาห์(เงิน)'!M89)*100/$I88 -> 0 | P89: =('ผลงานรายสัปดาห์(เงิน)'!P89)*100/$I88 -> 0 | Q89: =('ผลงานรายสัปดาห์(เงิน)'!Q89)*100/$I88 -> 0 | R89: =('ผลงานรายสัปดาห์(เงิน)'!R89)*100/$I88 -> 0 | S89: =('ผลงานรายสัปดาห์(เงิน)'!S89)*100/$I88 -> 0 | T89: =SUM(P89:S89) -> 0 | U89: =('ผลงานรายสัปดาห์(เงิน)'!U89)*100/$I88 -> 0 | V89: =('ผลงานรายสัปดาห์(เงิน)'!V89)*100/$I88 -> 0 | W89: =('ผลงานรายสัปดาห์(เงิน)'!W89)*100/$I88 -> 0 | X89: =('ผลงานรายสัปดาห์(เงิน)'!X89)*100/$I88 -> 0 | Y89: =SUM(U89:X89) -> 0 | Z89: =('ผลงานรายสัปดาห์(เงิน)'!Z89)*100/$I88 -> 0 | AA89: =('ผลงานรายสัปดาห์(เงิน)'!AA89)*100/$I88 -> 0 | AB89: =('ผลงานรายสัปดาห์(เงิน)'!AB89)*100/$I88 -> 0 | AC89: =('ผลงานรายสัปดาห์(เงิน)'!AC89)*100/$I88 -> 0 | AD89: =SUM(Z89:AC89) -> 0 | AE89: =('ผลงานรายสัปดาห์(เงิน)'!AE89)*100/$I88 -> 0 | AF89: =('ผลงานรายสัปดาห์(เงิน)'!AF89)*100/$I88 -> 0 | AG89: =('ผลงานรายสัปดาห์(เงิน)'!AG89)*100/$I88 -> 0 | AH89: =('ผลงานรายสัปดาห์(เงิน)'!AH89)*100/$I88 -> 0 | AI89: =SUM(AE89:AH89) -> 0 | AJ89: =('ผลงานรายสัปดาห์(เงิน)'!AJ89)*100/$I88 -> 0 | AK89: =('ผลงานรายสัปดาห์(เงิน)'!AK89)*100/$I88 -> 0 | AL89: =('ผลงานรายสัปดาห์(เงิน)'!AL89)*100/$I88 -> 0 | AM89: =('ผลงานรายสัปดาห์(เงิน)'!AM89)*100/$I88 -> 0
B90: 3.6 | C90: งานถนนสาย D | D90: เหมาจ่าย | E90: 1 | F90: =แผนการก่อสร้าง!G95 -> 0.77426 | G90: =แผนการก่อสร้าง!H95 -> 77.426 | H90: 15408281 | I90: 15408281 | J90: 6.4606257 | O90: งานถนนสาย D
L91: =('ผลงานรายสัปดาห์(เงิน)'!L91)*100/$I90 -> 77.425898 | M91: =('ผลงานรายสัปดาห์(เงิน)'!M91)*100/$I90 -> 77.425898 | N91: =M91-L91 -> 0 | P91: =('ผลงานรายสัปดาห์(เงิน)'!P91)*100/$I90 -> 0 | Q91: =('ผลงานรายสัปดาห์(เงิน)'!Q91)*100/$I90 -> 0 | R91: =('ผลงานรายสัปดาห์(เงิน)'!R91)*100/$I90 -> 0 | S91: =('ผลงานรายสัปดาห์(เงิน)'!S91)*100/$I90 -> 0 | T91: =SUM(P91:S91) -> 0 | U91: =('ผลงานรายสัปดาห์(เงิน)'!U91)*100/$I90 -> 0 | V91: =('ผลงานรายสัปดาห์(เงิน)'!V91)*100/$I90 -> 0 | W91: =('ผลงานรายสัปดาห์(เงิน)'!W91)*100/$I90 -> 22.066057 | X91: =('ผลงานรายสัปดาห์(เงิน)'!X91)*100/$I90 -> 0 | Y91: =SUM(U91:X91) -> 22.066057 | Z91: =('ผลงานรายสัปดาห์(เงิน)'!Z91)*100/$I90 -> 0 | AA91: =('ผลงานรายสัปดาห์(เงิน)'!AA91)*100/$I90 -> 0 | AB91: =('ผลงานรายสัปดาห์(เงิน)'!AB91)*100/$I90 -> 0 | AC91: =('ผลงานรายสัปดาห์(เงิน)'!AC91)*100/$I90 -> 22.066057 | AD91: =SUM(Z91:AC91) -> 22.066057 | AE91: =('ผลงานรายสัปดาห์(เงิน)'!AE91)*100/$I90 -> 0 | AF91: =('ผลงานรายสัปดาห์(เงิน)'!AF91)*100/$I90 -> 0 | AG91: =('ผลงานรายสัปดาห์(เงิน)'!AG91)*100/$I90 -> 0 | AH91: =('ผลงานรายสัปดาห์(เงิน)'!AH91)*100/$I90 -> 0 | AI91: =SUM(AE91:AH91) -> 0 | AJ91: =('ผลงานรายสัปดาห์(เงิน)'!AJ91)*100/$I90 -> 0 | AK91: =('ผลงานรายสัปดาห์(เงิน)'!AK91)*100/$I90 -> 0 | AL91: =('ผลงานรายสัปดาห์(เงิน)'!AL91)*100/$I90 -> 0 | AM91: =('ผลงานรายสัปดาห์(เงิน)'!AM91)*100/$I90 -> 0
B92: 3.7 | C92: งานถนนสาย B | D92: เหมาจ่าย | E92: 1 | F92: =แผนการก่อสร้าง!G97 -> 0.16725 | G92: =แผนการก่อสร้าง!H97 -> 16.725 | H92: 15007259 | I92: 15007259 | J92: 6.2924789 | O92: งานถนนสาย B
L93: =('ผลงานรายสัปดาห์(เงิน)'!L93)*100/$I92 -> 16.725239 | M93: =('ผลงานรายสัปดาห์(เงิน)'!M93)*100/$I92 -> 16.725239 | P93: =('ผลงานรายสัปดาห์(เงิน)'!P93)*100/$I92 -> 0 | Q93: =('ผลงานรายสัปดาห์(เงิน)'!Q93)*100/$I92 -> 0 | R93: =('ผลงานรายสัปดาห์(เงิน)'!R93)*100/$I92 -> 0 | S93: =('ผลงานรายสัปดาห์(เงิน)'!S93)*100/$I92 -> 0 | T93: =SUM(P93:S93) -> 0 | U93: =('ผลงานรายสัปดาห์(เงิน)'!U93)*100/$I92 -> 0 | V93: =('ผลงานรายสัปดาห์(เงิน)'!V93)*100/$I92 -> 0 | W93: =('ผลงานรายสัปดาห์(เงิน)'!W93)*100/$I92 -> 16.725239 | X93: =('ผลงานรายสัปดาห์(เงิน)'!X93)*100/$I92 -> 0 | Y93: =SUM(U93:X93) -> 16.725239 | Z93: =('ผลงานรายสัปดาห์(เงิน)'!Z93)*100/$I92 -> 0 | AA93: =('ผลงานรายสัปดาห์(เงิน)'!AA93)*100/$I92 -> 0 | AB93: =('ผลงานรายสัปดาห์(เงิน)'!AB93)*100/$I92 -> 0 | AC93: =('ผลงานรายสัปดาห์(เงิน)'!AC93)*100/$I92 -> 0 | AD93: =SUM(Z93:AC93) -> 0 | AE93: =('ผลงานรายสัปดาห์(เงิน)'!AE93)*100/$I92 -> 0 | AF93: =('ผลงานรายสัปดาห์(เงิน)'!AF93)*100/$I92 -> 0 | AG93: =('ผลงานรายสัปดาห์(เงิน)'!AG93)*100/$I92 -> 0 | AH93: =('ผลงานรายสัปดาห์(เงิน)'!AH93)*100/$I92 -> 0 | AI93: =SUM(AE93:AH93) -> 0 | AJ93: =('ผลงานรายสัปดาห์(เงิน)'!AJ93)*100/$I92 -> 0 | AK93: =('ผลงานรายสัปดาห์(เงิน)'!AK93)*100/$I92 -> 0 | AL93: =('ผลงานรายสัปดาห์(เงิน)'!AL93)*100/$I92 -> 0 | AM93: =('ผลงานรายสัปดาห์(เงิน)'!AM93)*100/$I92 -> 0
B94: 3.8 | C94: งานถนนสาย E | D94: เหมาจ่าย | E94: 1 | F94: =แผนการก่อสร้าง!G99 -> 0.32947 | G94: =แผนการก่อสร้าง!H99 -> 32.947 | H94: 26163587 | I94: 26163587 | J94: 10.970279 | O94: งานถนนสาย E
L95: =('ผลงานรายสัปดาห์(เงิน)'!L95)*100/$I94 -> 32.946553 | M95: =('ผลงานรายสัปดาห์(เงิน)'!M95)*100/$I94 -> 32.946553 | P95: =('ผลงานรายสัปดาห์(เงิน)'!P95)*100/$I94 -> 0 | Q95: =('ผลงานรายสัปดาห์(เงิน)'!Q95)*100/$I94 -> 0 | R95: =('ผลงานรายสัปดาห์(เงิน)'!R95)*100/$I94 -> 0 | S95: =('ผลงานรายสัปดาห์(เงิน)'!S95)*100/$I94 -> 0 | T95: =SUM(P95:S95) -> 0 | U95: =('ผลงานรายสัปดาห์(เงิน)'!U95)*100/$I94 -> 0 | V95: =('ผลงานรายสัปดาห์(เงิน)'!V95)*100/$I94 -> 0 | W95: =('ผลงานรายสัปดาห์(เงิน)'!W95)*100/$I94 -> 32.946553 | X95: =('ผลงานรายสัปดาห์(เงิน)'!X95)*100/$I94 -> 0 | Y95: =SUM(U95:X95) -> 32.946553 | Z95: =('ผลงานรายสัปดาห์(เงิน)'!Z95)*100/$I94 -> 0 | AA95: =('ผลงานรายสัปดาห์(เงิน)'!AA95)*100/$I94 -> 0 | AB95: =('ผลงานรายสัปดาห์(เงิน)'!AB95)*100/$I94 -> 0 | AC95: =('ผลงานรายสัปดาห์(เงิน)'!AC95)*100/$I94 -> 0 | AD95: =SUM(Z95:AC95) -> 0 | AE95: =('ผลงานรายสัปดาห์(เงิน)'!AE95)*100/$I94 -> 0 | AF95: =('ผลงานรายสัปดาห์(เงิน)'!AF95)*100/$I94 -> 0 | AG95: =('ผลงานรายสัปดาห์(เงิน)'!AG95)*100/$I94 -> 0 | AH95: =('ผลงานรายสัปดาห์(เงิน)'!AH95)*100/$I94 -> 0 | AI95: =SUM(AE95:AH95) -> 0 | AJ95: =('ผลงานรายสัปดาห์(เงิน)'!AJ95)*100/$I94 -> 0 | AK95: =('ผลงานรายสัปดาห์(เงิน)'!AK95)*100/$I94 -> 0 | AL95: =('ผลงานรายสัปดาห์(เงิน)'!AL95)*100/$I94 -> 0 | AM95: =('ผลงานรายสัปดาห์(เงิน)'!AM95)*100/$I94 -> 0
B96: 3.9 | C96: งานถนนสาย J | D96: เหมาจ่าย | E96: 1 | F96: =แผนการก่อสร้าง!G101 -> 0 | G96: =แผนการก่อสร้าง!H101 -> 0 | H96: 1519335 | I96: 1519335 | J96: 0.6370506 | O96: งานถนนสาย J
L97: =('ผลงานรายสัปดาห์(เงิน)'!L97)*100/$I96 -> 0 | M97: =('ผลงานรายสัปดาห์(เงิน)'!M97)*100/$I96 -> 0 | P97: =('ผลงานรายสัปดาห์(เงิน)'!P97)*100/$I96 -> 0 | Q97: =('ผลงานรายสัปดาห์(เงิน)'!Q97)*100/$I96 -> 0 | R97: =('ผลงานรายสัปดาห์(เงิน)'!R97)*100/$I96 -> 0 | S97: =('ผลงานรายสัปดาห์(เงิน)'!S97)*100/$I96 -> 0 | T97: =SUM(P97:S97) -> 0 | U97: =('ผลงานรายสัปดาห์(เงิน)'!U97)*100/$I96 -> 0 | V97: =('ผลงานรายสัปดาห์(เงิน)'!V97)*100/$I96 -> 0 | W97: =('ผลงานรายสัปดาห์(เงิน)'!W97)*100/$I96 -> 0 | X97: =('ผลงานรายสัปดาห์(เงิน)'!X97)*100/$I96 -> 0 | Y97: =SUM(U97:X97) -> 0 | Z97: =('ผลงานรายสัปดาห์(เงิน)'!Z97)*100/$I96 -> 0 | AA97: =('ผลงานรายสัปดาห์(เงิน)'!AA97)*100/$I96 -> 0 | AB97: =('ผลงานรายสัปดาห์(เงิน)'!AB97)*100/$I96 -> 0 | AC97: =('ผลงานรายสัปดาห์(เงิน)'!AC97)*100/$I96 -> 0 | AD97: =SUM(Z97:AC97) -> 0 | AE97: =('ผลงานรายสัปดาห์(เงิน)'!AE97)*100/$I96 -> 0 | AF97: =('ผลงานรายสัปดาห์(เงิน)'!AF97)*100/$I96 -> 0 | AG97: =('ผลงานรายสัปดาห์(เงิน)'!AG97)*100/$I96 -> 0 | AH97: =('ผลงานรายสัปดาห์(เงิน)'!AH97)*100/$I96 -> 0 | AI97: =SUM(AE97:AH97) -> 0 | AJ97: =('ผลงานรายสัปดาห์(เงิน)'!AJ97)*100/$I96 -> 0 | AK97: =('ผลงานรายสัปดาห์(เงิน)'!AK97)*100/$I96 -> 0 | AL97: =('ผลงานรายสัปดาห์(เงิน)'!AL97)*100/$I96 -> 0 | AM97: =('ผลงานรายสัปดาห์(เงิน)'!AM97)*100/$I96 -> 0
B98: 3.1 | C98: งานปรับปรุงยกระดับฝาท่อระบายน้ำ | D98: เหมาจ่าย | E98: 1 | F98: =แผนการก่อสร้าง!G103 -> 0 | G98: =แผนการก่อสร้าง!H103 -> 0 | H98: 4431757 | I98: 4431757 | J98: 1.8582166 | O98: งานปรับปรุงยกระดับฝาท่อระบายน้ำ
L99: =('ผลงานรายสัปดาห์(เงิน)'!L99)*100/$I98 -> 0 | M99: =('ผลงานรายสัปดาห์(เงิน)'!M99)*100/$I98 -> 0 | P99: =('ผลงานรายสัปดาห์(เงิน)'!P99)*100/$I98 -> 0 | Q99: =('ผลงานรายสัปดาห์(เงิน)'!Q99)*100/$I98 -> 0 | R99: =('ผลงานรายสัปดาห์(เงิน)'!R99)*100/$I98 -> 0 | S99: =('ผลงานรายสัปดาห์(เงิน)'!S99)*100/$I98 -> 0 | T99: =SUM(P99:S99) -> 0 | U99: =('ผลงานรายสัปดาห์(เงิน)'!U99)*100/$I98 -> 0 | V99: =('ผลงานรายสัปดาห์(เงิน)'!V99)*100/$I98 -> 0 | W99: =('ผลงานรายสัปดาห์(เงิน)'!W99)*100/$I98 -> 0 | X99: =('ผลงานรายสัปดาห์(เงิน)'!X99)*100/$I98 -> 0 | Y99: =SUM(U99:X99) -> 0 | Z99: =('ผลงานรายสัปดาห์(เงิน)'!Z99)*100/$I98 -> 0 | AA99: =('ผลงานรายสัปดาห์(เงิน)'!AA99)*100/$I98 -> 0 | AB99: =('ผลงานรายสัปดาห์(เงิน)'!AB99)*100/$I98 -> 0 | AC99: =('ผลงานรายสัปดาห์(เงิน)'!AC99)*100/$I98 -> 0 | AD99: =SUM(Z99:AC99) -> 0 | AE99: =('ผลงานรายสัปดาห์(เงิน)'!AE99)*100/$I98 -> 0 | AF99: =('ผลงานรายสัปดาห์(เงิน)'!AF99)*100/$I98 -> 0 | AG99: =('ผลงานรายสัปดาห์(เงิน)'!AG99)*100/$I98 -> 0 | AH99: =('ผลงานรายสัปดาห์(เงิน)'!AH99)*100/$I98 -> 0 | AI99: =SUM(AE99:AH99) -> 0 | AJ99: =('ผลงานรายสัปดาห์(เงิน)'!AJ99)*100/$I98 -> 0 | AK99: =('ผลงานรายสัปดาห์(เงิน)'!AK99)*100/$I98 -> 0 | AL99: =('ผลงานรายสัปดาห์(เงิน)'!AL99)*100/$I98 -> 0 | AM99: =('ผลงานรายสัปดาห์(เงิน)'!AM99)*100/$I98 -> 0
B100: 4 | C100: งานเครื่องจักรและอุปกรณ์และงานอื่นๆ | F100: =แผนการก่อสร้าง!G105 -> 0 | G100: =แผนการก่อสร้าง!H105 -> 0 | O100: งานเครื่องจักรและอุปกรณ์และงานอื่นๆ
F101: =แผนการก่อสร้าง!G106 -> 0 | G101: =แผนการก่อสร้าง!H106 -> 0
B102: 4.1 | C102: งานเครื่องสูบน้ำ พร้อมอุปกรณ์ | D102: เหมาจ่าย | E102: 1 | F102: =แผนการก่อสร้าง!G107 -> 0 | G102: =แผนการก่อสร้าง!H107 -> 0 | H102: 4431757 | I102: 2540833 | J102: 1.0653603 | O102: งานเครื่องสูบน้ำ พร้อมอุปกรณ์
...

Sheet คิดผลงานประจำเดือน
B3: ตารางเปรียบเทียบราคาค่าก่อสร้าง (แก้ไขสัญญาครั้งที่ 1)
B4: โครงการพัฒนาพื้นที่ชุมชนหัวรอและพื้นที่ต่อเนื่อง ตำบลหัวรอ อำเภอเมืองพิษณุโลก จังหวัดพิษณุโลก
B5: ปริมาณงานและราคา
B6: ช่องที่ 1 | C6: ช่องที่ 2 | D6: ช่องที่ 3 | E6: ช่องที่ 4 | F6: ช่องที่ 5 | G6: ช่องที่ 6 | H6: ค่า Factor F | I6: ช่องที่ 7 | L6: หมายเหตุ | M6: ผลงานเดือนสิงหาคม 2567 | O6: ผลงานเดือนกันยายน 2568 | Q6: ผลงานเดือนตุลาคม 2568 | S6: ผลงานเดือนพฤศจิกายน 2568 | U6: รวมคิดผลงาน
B7: ลำดับที่ | C7: รายการ | D7: ปริมาณ แก้ไข สัญญา ครั้งที่ 1 | E7: หน่วย | F7: ค่างานต้นทุน ต่อหน่วย (บาท) | G7: ค่างานต้นทุน รวม (บาท) | I7: ราคากลาง | AC7: ปริมาณงานสะสม (รวม) ประจำเดือน
I8: ราคากลาง ต่อหน่วย (บาท) | J8: ราคากลางรวม แก้ไขใส่สูตรเอง | K8: ราคากลางรวมแก้ไข สัญญาครั้งที่ 1 (บาท) | M8: ปริมาณงาน | N8: จำนวนเงิน (บาท) | O8: ปริมาณงาน | P8: จำนวนเงิน (บาท) | Q8: ปริมาณงาน | R8: จำนวนเงิน (บาท) | S8: ปริมาณงาน | T8: จำนวนเงิน (บาท) | U8: ปริมาณงาน | V8: จำนวนเงิน (บาท) | Z8: ลำดับ | AA8: งาน | AB8: ราคา (บาท) | AC8: ผลงานสะสม (บาท) | AD8: คิดเป็น (%)
B9: 1 | C9: งานเขื่อนป้องกันตลิ่ง | L9: ทำระบบคิดผลงานประจำเดือน | Z9: 1 | AA9: งานเขื่อนป้องกันตลิ่ง
B10: 1.2 | C10: งานเขื่อนป้องกันตลิ่ง แบบที่ 1 | L10: อีกครั้งให้สะดวกต่อการทำงาน | Z10: 1.1 | AA10: งานเขื่อนป้องกันตลิ่ง แบบที่ 1 | AB10: =SUM(K13:K21,K52,K54) -> 5090507 | AC10: =SUM(V13:V21,V52,V54) -> 367394 | AD10: =AC10/AB10 -> 0.072172379
C11: ช่วง กม. 0+000.00 ถึง กม. 0+166.00 | Z11: 1 | AA11: งานคาน | AB11: =SUM(K22:K29) -> 2151709 | AC11: =SUM(V22:V29) -> 0 | AD11: =AC11/AB11 -> 0
C12: ความยาวรวม 166.00 เมตร | Z12: 2 | AA12: งานกำแพง w15+ บันได | AB12: =SUM(K30:K36) -> 906762 | AC12: =SUM(V30:V36) -> 0 | AD12: =AC12/AB12 -> 0
B13: 1 | C13: งานเจาะสำรวจดิน | D13: 1 | E13: หลุม | F13: 15,000.00 | G13: =F13*D13 -> 15000 | H13: 1.1596 | I13: =H13*F13 -> 17394 | J13: =IF(G13="-","-",IF(D13>0,ROUNDDOWN(I13*D13,0),"")) -> 17394 | K13: 17394 | M13: 1 | N13: =ROUNDDOWN(M13*$I13,0) -> 17394 | P13: =ROUNDDOWN(O13*$I13,0) -> 0 | U13: 1 | V13: 17394 | Z13: 3 | AA13: งานราวกันตก | AB13: =SUM(K37:K39) -> 1372327 | AC13: =SUM(V37:V39) -> 0 | AD13: =AC13/AB13 -> 0
B14: 2 | C14: ดินขุดด้วยเครื่องจักร | D14: 1,510.00 | E14: ลบ.ม. | F14: 33.15 | G14: =IF(D14="-","-",ROUNDDOWN(F14*D14,0)) -> 50056 | H14: 1.1596 | I14: =H14*F14 -> 38.44074 | J14: =IF(G14="-","-",IF(D14>0,ROUNDDOWN(I14*D14,0),"")) -> 58045 | K14: 58044 | N14: =ROUNDDOWN(M14*$I14,0) -> 0 | P14: =ROUNDDOWN(O14*$I14,0) -> 0 | U14: 0 | V14: 0 | Z14: 4 | AA14: งานวัสดุปูพื้น | AB14: =SUM(K42,K43,K45,K46,K47,K49,K50) -> 789372 | AC14: =SUM(V42,V43,V45,V46,V47,V49,V50) -> 0 | AD14: =AC14/AB14 -> 0
B15: 3 | C15: เสาเข็ม A ขนาด 0.30x0.30x18.00 ม. (แบบที่ 1) | D15: - | E15: ต้น | F15: 15,758.00 | G15: =IF(D15="-","-",F15*D15) -> - | H15: 1.1409 | I15: =H15*F15 -> 17978.302 | J15: =IF(G15="-","-",IF(D15>0,ROUNDDOWN(I15*D15,0),"")) -> - | K15: - | U15: 0 | V15: 0 | Z15: ยอดรวม | AB15: =SUM(AB10:AB14) -> 10310677 | AC15: =SUM(AC10:AC14) -> 367394 | AD15: =SUM(AD10:AD14) -> 0.072172379
C16: (รวมนั่งร้านตอกเสาเข็ม) | J16: =IF(G16="-","-",IF(D16>0,ROUNDDOWN(I16*D16,0),"")) | U16: 0 | V16: 0 | Z16: 1.2 | AA16: งานเขื่อนป้องกันตลิ่ง แบบที่ 2 | AB16: =SUM(K60,K61,K62,K63,K65,K67,K69,K70,K75) -> 5004503 | AC16: =SUM(V60,V61,V62,V63,V65,V67,V69,V70,V75) -> 17394 | AD16: =AC16/AB16 -> 0.0034756698
B17: 4 | C17: เสาเข็ม C ขนาด 0.30x0.30x17.00 ม. | D17: - | E17: ต้น | F17: 13,729.00 | G17: =IF(D17="-","-",F17*D17) -> - | H17: 1.1409 | I17: =H17*F17 -> 15663.416 | J17: =IF(G17="-","-",IF(D17>0,ROUNDDOWN(I17*D17,0),"")) -> - | K17: - | U17: 0 | V17: 0 | Z17: 1 | AA17: งานคาน | AB17: =SUM(K71) -> 1136018 | AC17: =SUM(V71) -> 0 | AD17: =AC17/AB17 -> 0
C18: (รวมนั่งร้านตอกเสาเข็ม) | J18: =IF(G18="-","-",IF(D18>0,ROUNDDOWN(I18*D18,0),"")) | U18: 0 | V18: 0 | Z18: 2 | AA18: งานราวกันตก | AB18: =SUM(K68) -> 528774 | AC18: =SUM(V68) -> 0 | AD18: =AC18/AB18 -> 0
B19: 5 | C19: PileIntegrity Test (Seismic Test) | D19: 3 | E19: ต้น | F19: 700.00 | G19: =IF(D19="-","-",F19*D19) -> 2100 | H19: 1.1596 | I19: =H19*F19 -> 811.72 | J19: =IF(G19="-","-",IF(D19>0,ROUNDDOWN(I19*D19,0),"")) -> 2435 | K19: 2435 | N19: =ROUNDDOWN(M19*$I19,0) -> 0 | P19: =ROUNDDOWN(O19*$I19,0) -> 0 | U19: 0 | V19: 0 | Z19: 3 | AA19: งานระบายน้ำหลังเขื่อน | AB19: =SUM(K73,K74) -> 160623 | AC19: =SUM(V73,V74) -> 0 | AD19: =AC19/AB19 -> 0
B20: 6 | C20: แผ่นใยสังเคราะห์ | D20: 1,344.00 | E20: ตร.ม. | F20: 90.20 | G20: =IF(D20="-","-",ROUNDDOWN(F20*D20,0)) -> 121228 | H20: 1.1596 | I20: =H20*F20 -> 104.59592 | J20: =IF(G20="-","-",IF(D20>0,ROUNDDOWN(I20*D20,0),"")) -> 140576 | K20: 140582 | N20: =ROUNDDOWN(M20*$I20,0) -> 0 | P20: =ROUNDDOWN(O20*$I20,0) -> 0 | U20: 0 | V20: 0 | Z20: ยอดรวม | AB20: =SUM(AB16:AB19) -> 6829918 | AC20: =SUM(AC16:AC19) -> 17394 | AD20: =SUM(AD16:AD19) -> 0.0034756698
B21: 7 | C21: งานจัดหาและติดตั้ง MATTRESS ขนาด 2.00x6.00x0.30 ม. | D21: 298 | E21: ลบ.ม. | F21: 1,942.05 | G21: =IF(D21="-","-",ROUNDDOWN(F21*D21,0)) -> 578730 | H21: 1.1596 | I21: =H21*F21 -> 2252.0012 | J21: =IF(G21="-","-",IF(D21>0,ROUNDDOWN(I21*D21,0),"")) -> 671096 | K21: 671096 | N21: =ROUNDDOWN(M21*$I21,0) -> 0 | P21: =ROUNDDOWN(O21*$I21,0) -> 0 | U21: 0 | V21: 0 | Z21: 1.3 | AA21: งานเขื่อนป้องกันตลิ่ง แบบที่ 1 | AB21: =SUM(K81:K85,K116:K118) -> 4272939 | AC21: =SUM(V81:V85,V116:V118) -> 2767394 | AD21: =AC21/AB21 -> 0.64765586
B22: 8 | C22: คาน B1 | D22: 166.00 | E22: ม. | F22: 1,484.00 | G22: =IF(D22="-","-",F22*D22) -> 246344 | H22: 1.1409 | I22: =H22*F22 -> 1693.0956 | J22: =IF(G22="-","-",IF(D22>0,ROUNDDOWN(I22*D22,0),"")) -> 281053 | K22: 281054 | N22: =ROUNDDOWN(M22*$I22,0) -> 0 | P22: =ROUNDDOWN(O22*$I22,0) -> 0 | U22: 0 | V22: 0 | Z22: 1 | AA22: งานคาน | AB22: =SUM(K86:K93) -> 2092762 | AC22: =SUM(V86:V93) -> 0 | AD22: =AC22/AB22 -> 0
B23: 9 | C23: คาน B2 | D23: 166.00 | E23: ม. | F23: 2,923.00 | G23: =IF(D23="-","-",F23*D23) -> 485218 | H23: 1.1409 | I23: =H23*F23 -> 3334.8507 | J23: =IF(G23="-","-",IF(D23>0,ROUNDDOWN(I23*D23,0),"")) -> 553585 | K23: 553585 | N23: =ROUNDDOWN(M23*$I23,0) -> 0 | P23: =ROUNDDOWN(O23*$I23,0) -> 0 | U23: 0 | V23: 0 | Z23: 2 | AA23: งานกำแพง w15+ บันได | AB23: =SUM(K94:K100) -> 883548 | AC23: =SUM(V94:V100) -> 0 | AD23: =AC23/AB23 -> 0
B24: 10 | C24: คาน B3 | D24: 166.00 | E24: ม. | F24: 4,576.00 | G24: =IF(D24="-","-",F24*D24) -> 759616 | H24: 1.1409 | I24: =H24*F24 -> 5220.7584 | J24: =IF(G24="-","-",IF(D24>0,ROUNDDOWN(I24*D24,0),"")) -> 866645 | K24: 866646 | N24: =ROUNDDOWN(M24*$I24,0) -> 0 | P24: =ROUNDDOWN(O24*$I24,0) -> 0 | U24: 0 | V24: 0 | Z24: 3 | AA24: งานราวกันตก | AB24: =SUM(K101:K103) -> 1344618 | AC24: =SUM(V101:V103) -> 0 | AD24: =AC24/AB24 -> 0
B25: 11 | C25: คาน B4 | D25: 207.00 | E25: ม. | F25: 1,096.00 | G25: =IF(D25="-","-",F25*D25) -> 226872 | H25: 1.1409 | I25: =H25*F25 -> 1250.4264 | J25: =IF(G25="-","-",IF(D25>0,ROUNDDOWN(I25*D25,0),"")) -> 258838 | K25: 258839 | N25: =ROUNDDOWN(M25*$I25,0) -> 0 | P25: =ROUNDDOWN(O25*$I25,0) -> 0 | U25: 0 | V25: 0 | Z25: 4 | AA25: งานวัสดุปูพื้น | AB25: =SUM(K106:K114) -> 1048108 | AC25: =SUM(V106:V114) -> 0 | AD25: =AC25/AB25 -> 0
B26: 12 | C26: คาน B5 | D26: 18.30 | E26: ม. | F26: 801.00 | G26: =IF(D26="-","-",ROUNDDOWN(F26*D26,0)) -> 14658 | H26: 1.1409 | I26: =H26*F26 -> 913.8609 | J26: =IF(G26="-","-",IF(D26>0,ROUNDDOWN(I26*D26,0),"")) -> 16723 | K26: 16723 | N26: =ROUNDDOWN(M26*$I26,0) -> 0 | P26: =ROUNDDOWN(O26*$I26,0) -> 0 | U26: 0 | V26: 0 | Z26: ยอดรวม | AB26: =SUM(AB21:AB25) -> 9641975 | AC26: =SUM(AC21:AC25) -> 2767394 | AD26: =SUM(AD22:AD25) -> 0
B27: 13 | C27: คาน B10 | D27: 18.00 | E27: ม. | F27: 856.00 | G27: =IF(D27="-","-",F27*D27) -> 15408 | H27: 1.1409 | I27: =H27*F27 -> 976.6104 | J27: =IF(G27="-","-",IF(D27>0,ROUNDDOWN(I27*D27,0),"")) -> 17578 | K27: 17578 | N27: =ROUNDDOWN(M27*$I27,0) -> 0 | P27: =ROUNDDOWN(O27*$I27,0) -> 0 | U27: 0 | V27: 0 | Z27: 1.4 | AA27: งานเขื่อนป้องกันตลิ่ง แบบที่ 4 ช่วงที่ 1 | AB27: =SUM(K125:K131,K139,K141) -> 2827285 | AC27: =SUM(V125:V131,V139,V141) -> 1517394 | AD27: =AC27/AB27 -> 0.53669651
B28: 14 | C28: คาน B11 | D28: 30.00 | E28: ม. | F28: 812.00 | G28: =IF(D28="-","-",F28*D28) -> 24360 | H28: 1.1409 | I28: =H28*F28 -> 926.4108 | J28: =IF(G28="-","-",IF(D28>0,ROUNDDOWN(I28*D28,0),"")) -> 27792 | K28: 27792 | N28: =ROUNDDOWN(M28*$I28,0) -> 0 | P28: =ROUNDDOWN(O28*$I28,0) -> 0 | U28: 0 | V28: 0 | Z28: 1 | AA28: งานคาน | AB28: =SUM(K132,K133) -> 317663 | AC28: =SUM(V132,V133) -> 0 | AD28: =AC28/AB28 -> 0
B29: 15 | C29: คาน B12 | D29: 50.00 | E29: ม. | F29: 2,270.00 | G29: =IF(D29="-","-",F29*D29) -> 113500 | H29: 1.1409 | I29: =H29*F29 -> 2589.843 | J29: =IF(G29="-","-",IF(D29>0,ROUNDDOWN(I29*D29,0),"")) -> 129492 | K29: 129492 | N29: =ROUNDDOWN(M29*$I29,0) -> 0 | P29: =ROUNDDOWN(O29*$I29,0) -> 0 | U29: 0 | V29: 0 | Z29: 2 | AA29: งานราวกันตก และ งานระบายน้ำหลังเขื่อน | AB29: =SUM(K134:K137) -> 262286 | AC29: =SUM(V134:V137) -> 0 | AD29: =AC29/AB29 -> 0
B30: 16 | C30: กำแพง W15 | D30: 9.00 | E30: ม. | F30: 1,910.00 | G30: =IF(D30="-","-",F30*D30) -> 17190 | H30: 1.1409 | I30: =H30*F30 -> 2179.119 | J30: =IF(G30="-","-",IF(D30>0,ROUNDDOWN(I30*D30,0),"")) -> 19612 | K30: 19612 | N30: =ROUNDDOWN(M30*$I30,0) -> 0 | P30: =ROUNDDOWN(O30*$I30,0) -> 0 | U30: 0 | V30: 0 | Z30: ยอดรวม | AB30: =SUM(AB27:AB29) -> 3407234 | AC30: =SUM(AC27:AC29) -> 1517394 | AD30: =SUM(AD27:AD29) -> 0.53669651
B31: 17 | C31: บันไดบริเวณเขื่อน แบบที่ 1 | D31: 5 | E31: จุด | F31: 44,216 | G31: =IF(D31="-","-",ROUNDDOWN(F31*D31,0)) -> 221080 | H31: 1.1409 | I31: =H31*F31 -> 50446.034 | J31: =IF(G31="-","-",IF(D31>0,ROUNDDOWN(I31*D31,0),"")) -> 252230 | K31: 252230 | N31: =ROUNDDOWN(M31*$I31,0) -> 0 | P31: =ROUNDDOWN(O31*$I31,0) -> 0 | U31: 0 | V31: 0 | Z31: 1.5 | AA31: งานเขื่อนป้องกันตลิ่ง แบบที่ 4 ช่วงที่ 2 | AB31: =SUM(K148:K155,K163,K165) -> 3175884 | AC31: =SUM(V148:V155,V163,V165) -> 1727394 | AD31: =AC31/AB31 -> 0.54390966
B32: 18 | C32: บัรไดST1 | D32: 3 | E32: จุด | F32: 4,891.00 | G32: =IF(D32="-","-",ROUNDDOWN(F32*D32,0)) -> 14673 | H32: 1.1409 | I32: =H32*F32 -> 5580.1419 | J32: =IF(G32="-","-",IF(D32>0,ROUNDDOWN(I32*D32,0),"")) -> 16740 | K32: 16740 | N32: =ROUNDDOWN(M32*$I32,0) -> 0 | P32: =ROUNDDOWN(O32*$I32,0) -> 0 | U32: 0 | V32: 0 | Z32: 1 | AA32: งานคาน | AB32: =SUM(K156:K157) -> 358105 | AC32: =SUM(V156:V157) -> 0 | AD32: =AC32/AB32 -> 0
B33: 19 | C33: แผ่นพื้นสำเร็จรูป SP (LL=400 kg/m2) | D33: 976.00 | E33: ตร.ม. | F33: 375.00 | G33: =IF(D33="-","-",ROUNDDOWN(F33*D33,0)) -> 366000 | H33: 1.1409 | I33: =H33*F33 -> 427.8375 | J33: =IF(G33="-","-",IF(D33>0,ROUNDDOWN(I33*D33,0),"")) -> 417569 | K33: 417571 | N33: =ROUNDDOWN(M33*$I33,0) -> 0 | P33: =ROUNDDOWN(O33*$I33,0) -> 0 | U33: 0 | V33: 0 | Z33: 2 | AA33: งานราวกันตก และ งานระบายน้ำหลังเขื่อน | AB33: =SUM(K158:K161) -> 295042 | AC33: =SUM(V158:V161) -> 0 | AD33: =AC33/AB33 -> 0
B34: 20 | C34: คอนกรีตทับหน้า หนา 0.05 ม.เสริมเหล็กตะแกรง Wire Mesh | D34: 976.00 | E34: ตร.ม. | F34: 159.00 | G34: =IF(D34="-","-",ROUNDDOWN(F34*D34,0)) -> 155184 | H34: 1.1409 | I34: =H34*F34 -> 181.4031 | J34: =IF(G34="-","-",IF(D34>0,ROUNDDOWN(I34*D34,0),"")) -> 177049 | K34: 177046 | N34: =ROUNDDOWN(M34*$I34,0) -> 0 | P34: =ROUNDDOWN(O34*$I34,0) -> 0 | U34: 0 | V34: 0 | Z34: ยอดรวม | AB34: =SUM(AB31:AB33) -> 3829031 | AC34: =SUM(AC31:AC33) -> 1727394 | AD34: =SUM(AD31:AD33) -> 0.54390966
C35: Dia 4 มม. @0.15x0.15 ม.# | J35: =IF(G35="-","-",IF(D35>0,ROUNDDOWN(I35*D35,0),"")) | U35: 0 | V35: 0 | Z35: 1.6 | AA35: งานเขื่อนป้องกันตลิ่ง แบบที่ 5 | AB35: =SUM(K172:K178,K186,K188) -> 3323085 | AC35: =SUM(V172:V178,V186,V188) -> 2737394 | AD35: =AC35/AB35 -> 0.82375082
B36: 21 | C36: พื้น S1 เขื่อนแบบที่ 1 | D36: 19.00 | E36: ตร.ม. | F36: 1,087.00 | G36: =IF(D36="-","-",ROUNDDOWN(F36*D36,0)) -> 20653 | H36: 1.1409 | I36: =H36*F36 -> 1240.1583 | J36: =IF(G36="-","-",IF(D36>0,ROUNDDOWN(I36*D36,0),"")) -> 23563 | K36: 23563 | N36: =ROUNDDOWN(M36*$I36,0) -> 0 | P36: =ROUNDDOWN(O36*$I36,0) -> 0 | U36: 0 | V36: 0 | Z36: 1 | AA36: งานคาน | AB36: =SUM(K179:K180) -> 358105 | AC36: =SUM(V179:V180) -> 0 | AD36: =AC36/AB36 -> 0
B37: 22 | C37: ราวกันตก 1 | D37: 160.00 | E37: ม. | F37: 2,615.00 | G37: =IF(D37="-","-",ROUNDDOWN(F37*D37,0)) -> 418400 | H37: 1.1596 | I37: =H37*F37 -> 3032.354 | J37: =IF(G37="-","-",IF(D37>0,ROUNDDOWN(I37*D37,0),"")) -> 485176 | K37: 485176 | N37: =ROUNDDOWN(M37*$I37,0) -> 0 | P37: =ROUNDDOWN(O37*$I37,0) -> 0 | U37: 0 | V37: 0 | Z37: 2 | AA37: งานราวกันตก และ งานระบายน้ำหลังเขื่อน | AB37: =SUM(K181:K184) -> 295042 | AC37: =SUM(V181:V184) -> 0 | AD37: =AC37/AB37 -> 0
B38: 23 | C38: ราวกันตก 2 | D38: 160.00 | E38: ม. | F38: 2,675.00 | G38: =IF(D38="-","-",ROUNDDOWN(F38*D38,0)) -> 428000 | H38: 1.1596 | I38: =H38*F38 -> 3101.93 | J38: =IF(G38="-","-",IF(D38>0,ROUNDDOWN(I38*D38,0),"")) -> 496308 | K38: 496308 | N38: =ROUNDDOWN(M38*$I38,0) -> 0 | P38: =ROUNDDOWN(O38*$I38,0) -> 0 | U38: 0 | V38: 0 | Z38: ยอดรวม | AB38: =SUM(AB35:AB37) -> 3976232 | AC38: =SUM(AC35:AC37) -> 2737394 | AD38: =SUM(AD35:AD37) -> 0.82375082
B39: 24 | C39: ราวกันตก 3 | D39: 126.00 | E39: ม. | F39: 2,675.00 | G39: =IF(D39="-","-",ROUNDDOWN(F39*D39,0)) -> 337050 | H39: 1.1596 | I39: =H39*F39 -> 3101.93 | J39: =IF(G39="-","-",IF(D39>0,ROUNDDOWN(I39*D39,0),"")) -> 390843 | K39: 390843 | N39: =ROUNDDOWN(M39*$I39,0) -> 0 | P39: =ROUNDDOWN(O39*$I39,0) -> 0 | U39: 0 | V39: 0 | Z39: 1.7 | AA39: งานเขื่อนป้องกันตลิ่ง แบบที่ 5 (มีผิวจราจรด้านหลังเขื่อน) | AB39: =SUM(K195:K202,K210,K212) -> 14559639 | AC39: =SUM(V195:V202,V210,V212) -> 6254788 | AD39: =AC39/AB39 -> 0.42959774
B40: 25 | C40: วัสดุปูพื้น | J40: =IF(G40="-","-",IF(D40>0,ROUNDDOWN(I40*D40,0),"")) | U40: 0 | V40: 0 | Z40: 1 | AA40: งานคาน | AB40: =SUM(K203,K204) -> 1620450 | AC40: =SUM(V203,V204) -> 0 | AD40: =AC40/AB40 -> 0
C41: - พื้นที่ 1 ผิวโพลีไวนิล คละสี | D41: - | E41: ตร.ม. | F41: 1,200.00 | G41: =IF(D41="-","-",F41*D41) -> - | H41: 1.1596 | I41: =H41*F41 -> 1391.52 | J41: =IF(G41="-","-",IF(D41>0,ROUNDDOWN(I41*D41,0),"")) -> - | U41: 0 | V41: 0 | Z41: 2 | AA41: งานราวกันตก และ งานระบายน้ำหลังเขื่อน | AB41: =SUM(K205,K207,K208) -> 1340232 | AC41: =SUM(V205,V207,V208) -> 0 | AD41: =AC41/AB41 -> 0
C42: - พื้นที่ 2 กระเบื้องแกรนิตเนื้อเดียวผิวหยาบ | D42: 51.00 | E42: ตร.ม. | F42: 2,049.00 | G42: =IF(D42="-","-",ROUNDDOWN(F42*D42,0)) -> 104499 | H42: 1.1596 | I42: =H42*F42 -> 2376.0204 | J42: =IF(G42="-","-",IF(D42>0,ROUNDDOWN(I42*D42,0),"")) -> 121177 | K42: 121177 | N42: =ROUNDDOWN(M42*$I42,0) -> 0 | P42: =ROUNDDOWN(O42*$I42,0) -> 0 | U42: 0 | V42: 0 | Z42: ยอดรวม | AB42: =SUM(AB39:AB41) -> 17520321 | AC42: =SUM(AC39:AC41) -> 6254788 | AD42: =SUM(AD39:AD41) -> 0.42959774
B43: 26 | C43: ทางเท้า แบบที่ 2 กระเบื้อปูพื้นคอนกรีต 0.50x0.50x0.06 ม. | D43: 149.00 | E43: ตร.ม. | F43: 1,026.00 | G43: =IF(D43="-","-",ROUNDDOWN(F43*D43,0)) -> 152874 | H43: 1.1525 | I43: =H43*F43 -> 1182.465 | J43: =IF(G43="-","-",IF(D43>0,ROUNDDOWN(I43*D43,0),"")) -> 176187 | K43: 176188 | N43: =ROUNDDOWN(M43*$I43,0) -> 0 | P43: =ROUNDDOWN(O43*$I43,0) -> 0 | U43: 0 | V43: 0 | Z43: 1.8 | AA43: งานเขื่อนป้องกันตลิ่ง แบบที่ 5 ช่วง | AB43: =SUM(K219:K226,K235,K237) -> 16172985 | AC43: =SUM(V219:V226,V235,V237) -> 3224788 | AD43: =AC43/AB43 -> 0.19939349
B44: 27 | C44: วัสดุผิวผนัง | J44: =IF(G44="-","-",IF(D44>0,ROUNDDOWN(I44*D44,0),"")) | U44: 0 | V44: 0 | Z44: 1 | AA44: งานคาน | AB44: =SUM(K227,K228) -> 1828365 | AC44: =SUM(V227,V228) -> 0 | AD44: =AC44/AB44 -> 0
C45: - ผนัง 1 ผิวกรุกระเบื้องดินเผา | D45: 132.00 | E45: ตร.ม. | F45: 846.00 | G45: =IF(D45="-","-",ROUNDDOWN(F45*D45,0)) -> 111672 | H45: 1.1596 | I45: =H45*F45 -> 981.0216 | J45: =IF(G45="-","-",IF(D45>0,ROUNDDOWN(I45*D45,0),"")) -> 129494 | K45: 129494 | N45: =ROUNDDOWN(M45*$I45,0) -> 0 | P45: =ROUNDDOWN(O45*$I45,0) -> 0 | U45: 0 | V45: 0 | Z45: 2 | AA45: งานราวกันตก และ งานระบายน้ำหลังเขื่อน | AB45: =SUM(K231:K233,K229) -> 2138194 | AC45: =SUM(V231:V233,V229) -> 0 | AD45: =AC45/AB45 -> 0
C46: - ผนัง 2 ผิวกรุกระเบื้องแกรนิตเนื้อเดียวผิวหยาบ | D46: 51.00 | E46: ตร.ม. | F46: 2,170.00 | G46: =IF(D46="-","-",ROUNDDOWN(F46*D46,0)) -> 110670 | H46: 1.1596 | I46: =H46*F46 -> 2516.332 | J46: =IF(G46="-","-",IF(D46>0,ROUNDDOWN(I46*D46,0),"")) -> 128332 | K46: 128332 | N46: =ROUNDDOWN(M46*$I46,0) -> 0 | P46: =ROUNDDOWN(O46*$I46,0) -> 0 | U46: 0 | V46: 0 | Z46: ยอดรวม | AB46: =SUM(AB43:AB45) -> 20139544 | AC46: =SUM(AC43:AC45) -> 3224788 | AD46: =SUM(AD43:AD45) -> 0.19939349
B47: 28 | C47: ทรายถมอัดแน่น | D47: 215.00 | E47: ลบ.ม. | F47: 285.39 | G47: =IF(D47="-","-",ROUNDDOWN(F47*D47,0)) -> 61358 | H47: 1.1596 | I47: =H47*F47 -> 330.93824 | J47: =IF(G47="-","-",IF(D47>0,ROUNDDOWN(I47*D47,0),"")) -> 71151 | K47: 71152 | N47: =ROUNDDOWN(M47*$I47,0) -> 0 | P47: =ROUNDDOWN(O47*$I47,0) -> 0 | U47: 0 | V47: 0 | Z47: 1.9 | AA47: งานเขื่อนป้องกันตลิ่ง แบบที่ 6 ช่วงที่ 1 | AB47: =SUM(K244:K261) -> 344287 | AC47: =SUM(V244:V261) -> 0 | AD47: =AC47/AB47 -> 0
B48: 29 | C48: งานระบายน้ำหลังเขื่อน | J48: =IF(G48="-","-",IF(D48>0,ROUNDDOWN(I48*D48,0),"")) | U48: 0 | V48: 0 | Z48: 1.10 | AA48: งานเขื่อนป้องกันตลิ่ง แบบที่ 6 ช่วงที่ 2 | AB48: =SUM(K268:K287) -> 1601756 | AC48: =SUM(V268:V287) -> 0 | AD48: =AC48/AB48 -> 0
C49: - รางวี คสล. | D49: 159.00 | E49: ม. | F49: 703.00 | G49: =IF(D49="-","-",ROUNDDOWN(F49*D49,0)) -> 111777 | H49: 1.1409 | I49: =H49*F49 -> 802.0527 | J49: =IF(G49="-","-",IF(D49>0,ROUNDDOWN(I49*D49,0),"")) -> 127526 | K49: 127525 | N49: =ROUNDDOWN(M49*$I49,0) -> 0 | P49: =ROUNDDOWN(O49*$I49,0) -> 0 | U49: 0 | V49: 0 | Z49: 1.11 | AA49: งานเขื่อนป้องกันตลิ่ง แบบที่ 6 ช่วงที่ 3 | AB49: =SUM(K294:K312) -> 333944 | AC49: =SUM(V294:V312) -> 0 | AD49: =AC49/AB49 -> 0
C50: - บ่อพัก คสล.พร้อมท่อระบายน้ำ พีวีซี Dia 8 นิ้ว | D50: 8 | E50: บ่อ | F50: 3,890.00 | G50: =IF(D50="-","-",ROUNDDOWN(F50*D50,0)) -> 31120 | H50: 1.1409 | I50: =H50*F50 -> 4438.101 | J50: =IF(G50="-","-",IF(D50>0,ROUNDDOWN(I50*D50,0),"")) -> 35504 | K50: 35504 | N50: =ROUNDDOWN(M50*$I50,0) -> 0 | P50: =ROUNDDOWN(O50*$I50,0) -> 0 | U50: 0 | V50: 0 | Z50: 1.12 | AA50: งานเขื่อนป้องกันตลิ่ง แบบที่ 7 | AB50: =SUM(K318:K333) -> 1597253 | AC50: =SUM(V318:V333) -> 0 | AD50: =AC50/AB50 -> 0
B51: 30 | C51: งานอื่น ๆ (ถ้ามี) | J51: =IF(G51="-","-",IF(D51>0,ROUNDDOWN(I51*D51,0),"")) | U51: 0 | V51: 0 | Z51: 2 | AA51: งานปรับปรุงภูมิทัศน์
B52: 25 | C52: เสาเข็ม A ขนาด 0.30x0.30x12.00 ม.(แบบที่ 1) เข็มแก้ไขสัญญาครั้งที่ 1 | D52: 338 | E52: ต้น | F52: 10,431.00 | G52: =IF(D52="-","-",ROUNDDOWN(F52*D52,0)) -> 3525678 | H52: 1.1409 | I52: =H52*F52 -> 11900.728 | J52: =IF(G52="-","-",IF(D52>0,ROUNDDOWN(I52*D52,0),"")) -> 4022446 | K52: 4022446 | L52: สำนักงานสนาม 200,000 อยู่นี่ | N52: =ROUNDDOWN(M52*$I52,0)+200000 -> 200000 | P52: =ROUNDDOWN(O52*$I52,0) -> 0 | U52: 0 | V52: 350000 | Z52: 2.1 | AA52: งานปรับปรุงภูมิทัศน์บริเวณลานทางเข้าเทศบาลตำบลหัวรอ | AB52: =SUM(K339:K352) -> 3297434 | AC52: =SUM(V339:V352) -> 0 | AD52: =AC52/AB52 -> 0
C53: (รวมนั่งร้านตอกเสาเข็ม) | J53: =IF(G53="-","-",IF(D53>0,ROUNDDOWN(I53*D53,0),"")) | U53: 0 | V53: 0 | Z53: 2.2 | AA53: งานปรับปรุงทางปั่นจักรยาน ริมเขื่อนป้องกันตลิ่งบริเวณวัดโพธิญาณ - ชุมชนวัดน้อย ตำบลในเมือง | AB53: =SUM(K358:K386) -> 22731675 | AC53: =SUM(V358:V386) -> 35724 | AD53: =AC53/AB53 -> 0.0015715516
B54: 26 | C54: เสาเข็ม C ขนาด 0.30x0.30x12.00 ม. เข็มแก้ไขสัญญาครั้งที่ 1 | D54: 15 | E54: ต้น | F54: 10,431.00 | G54: =IF(D54="-","-",ROUNDDOWN(F54*D54,0)) -> 156465 | H54: 1.1409 | I54: =H54*F54 -> 11900.728 | J54: =IF(G54="-","-",IF(D54>0,ROUNDDOWN(I54*D54,0),"")) -> 178510 | K54: 178510 | N54: =ROUNDDOWN(M54*$I54,0) -> 0 | P54: =ROUNDDOWN(O54*$I54,0) -> 0 | U54: 0 | V54: 0 | Z54: 3 | AA54: งานทาง
C55: (รวมนั่งร้านตอกเสาเข็ม) | J55: =IF(G55="-","-",IF(D55>0,ROUNDDOWN(I55*D55,2),"")) | U55: 0 | V55: 0 | Z55: 3.1 | AA55: งานถนนสาย F ช่วงที่ 1 | AB55: =K431 -> 20579504 | AC55: =V431 -> 3340000 | AD55: =AC55/AB55 -> 0.1622974
B56: รวม 1.1 งานเขื่อนป้องกันตลิ่ง แบบที่ 1 | D56: 166.00 | E56: ม. | G56: =SUM(G13:G55) -> 8997433 | J56: =SUM(J13:J55) -> 10310669 | K56: =SUM(K13:K55) -> 10310677 | M56: =N56/$K56 -> 0.021084358 | N56: =SUM(N13:N54) -> 217394 | O56: =P56/$K56 -> 0 | P56: =SUM(P13:P54) -> 0 | Q56: 0 | R56: 0 | S56: 0 | T56: 0 | U56: 0.035632384 | V56: 367394 | Z56: 3.2 | AA56: งานถนนสาย F ช่วงที่ 2 | AB56: =SUM(K462) -> 17824270 | AC56: =SUM(V462) -> 4810000 | AD56: =AC56/AB56 -> 0.26985677
B57: 1.2 | C57: งานเขื่อนป้องกันตลิ่ง แบบที่ 2 | U57: 0 | V57: 0 | Z57: 3.3 | AA57: งานถนนสาย F ช่วงที่ 3 | AB57: =SUM(K493) -> 24768803 | AC57: =SUM(V493) -> 5340000 | AD57: =AC57/AB57 -> 0.21559379
C58: ช่วง กม. 0+000.00 ถึง กม. 0+166.00 | U58: 0 | V58: 0 | Z58: 3.4 | AA58: งานถนนสาย G | AB58: =K507 -> 2252864 | AC58: =V507 -> 0 | AD58: =AC58/AB58 -> 0
C59: ความยาวรวม 166.00 เมตร | U59: 0 | V59: 0 | Z59: 3.5 | AA59: งานถนนสาย H | AB59: =K524 -> 1866144 | AC59: =V524 -> 0 | AD59: =AC59/AB59 -> 0
B60: 25 | C60: งานเจาะสำรวจดิน | D60: 1 | E60: หลุม | F60: 15,000.00 | G60: =ROUNDDOWN(F60*D60,0) -> 15000 | H60: 1.1596 | I60: =H60*F60 -> 17394 | J60: =IF(G60="-","-",IF(D60>0,ROUNDDOWN(I60*D60,0),"")) -> 17394 | K60: 17394 | M60: 1 | N60: =ROUNDDOWN(M60*$I60,0) -> 17394 | P60: =ROUNDDOWN(O60*$I60,0) -> 0 | U60: 1 | V60: 17394 | Z60: 3.6 | AA60: งานถนนสาย D | AB60: =K549 -> 15408281 | AC60: =V549 -> 11930000 | AD60: =AC60/AB60 -> 0.77425898
B61: 26 | C61: ดินขุดด้วยเครื่องจักร | D61: 182.00 | E61: ลบ.ม. | F61: 33.15 | G61: =ROUNDDOWN(F61*D61,0) -> 6033 | H61: 1.1596 | I61: =H61*F61 -> 38.44074 | J61: =IF(G61="-","-",IF(D61>0,ROUNDDOWN(I61*D61,0),"")) -> 6996 | K61: 6996 | N61: =ROUNDDOWN(M61*$I61,0) -> 0 | P61: =ROUNDDOWN(O61*$I61,0) -> 0 | U61: 0 | V61: 0 | Z61: 3.7 | AA61: งานถนนสาย B | AB61: =K580 -> 15007259 | AC61: =V580 -> 2510000 | AD61: =AC61/AB61 -> 0.16725239
B62: 27 | C62: PileIntegrity Test (Seismic Test) | D62: 1 | E62: ต้น | F62: 700 | G62: =ROUNDDOWN(F62*D62,0) -> 700 | H62: 1.1596 | I62: =H62*F62 -> 811.72 | J62: =IF(G62="-","-",IF(D62>0,ROUNDDOWN(I62*D62,0),"")) -> 811 | K62: 811 | N62: =ROUNDDOWN(M62*$I62,0) -> 0 | P62: =ROUNDDOWN(O62*$I62,0) -> 0 | U62: 0 | V62: 0 | Z62: 3.8 | AA62: งานถนนสาย E | AB62: =K612 -> 26163587 | AC62: =V612 -> 8620000 | AD62: =AC62/AB62 -> 0.32946553
B63: 28 | C63: เสาเข็ม A รูปตัวไอ ขนาด 0.40x0.40x12.00 ม. | D63: 133 | E63: ต้น | F63: 20,964.00 | G63: =ROUNDDOWN(F63*D63,0) -> 2788212 | H63: 1.1409 | I63: =H63*F63 -> 23917.828 | J63: =IF(G63="-","-",IF(D63>0,ROUNDDOWN(I63*D63,0),"")) -> 3181071 | K63: 3181071 | N63: =ROUNDDOWN(M63*$I63,0) -> 0 | P63: =ROUNDDOWN(O63*$I63,0) -> 0 | U63: 0 | V63: 0 | Z63: 3.9 | AA63: งานถนนสาย J | AB63: =K622 -> 1519335 | AC63: =V622 -> 0 | AD63: =AC63/AB63 -> 0
C64: (รวมนั่งร้านตอกเสาเข็ม) | J64: =IF(G64="-","-",IF(D64>0,ROUNDDOWN(I64*D64,0),"")) | U64: 0 | V64: 0 | Z64: 3.10 | AA64: งานปรับปรุงยกระดับฝาท่อระบายน้ำ | AB64: =K624 -> 4431757 | AC64: =V624 -> 0 | AD64: =AC64/AB64 -> 0
B65: 29 | C65: เสาเข็ม B สี่เหลี่ยมตัน ขนาด 0.40x0.40x12.00 ม. | D65: 34 | E65: ต้น | F65: 15,055.00 | G65: =ROUNDDOWN(F65*D65,0) -> 511870 | H65: 1.1409 | I65: =H65*F65 -> 17176.25 | J65: =IF(G65="-","-",IF(D65>0,ROUNDDOWN(I65*D65,0),"")) -> 583992 | K65: 583992 | N65: =ROUNDDOWN(M65*$I65,0) -> 0 | P65: =ROUNDDOWN(O65*$I65,0) -> 0 | U65: 0 | V65: 0 | Z65: 4 | AA65: งานเครื่องจักรและอุปกรณ์และงานอื่นๆ
C66: (รวมนั่งร้านตอกเสาเข็ม) | J66: =IF(G66="-","-",IF(D66>0,ROUNDDOWN(I66*D66,0),"")) | U66: 0 | V66: 0 | Z66: 4.1 | AA66: งานเครื่องสูบน้ำ พร้อมอุปกรณ์ | AB66: =K631 -> 2540833 | AC66: =V631 -> 0 | AD66: =AC66/AB66 -> 0
B67: 30 | C67: พื้น S1 สะพานทางเดิน | D67: 132.00 | E67: ตร.ม. | F67: 1,476.00 | G67: =ROUNDDOWN(F67*D67,0) -> 194832 | H67: 1.1908 | I67: =H67*F67 -> 1757.6208 | J67: =IF(G67="-","-",IF(D67>0,ROUNDDOWN(I67*D67,0),"")) -> 232005 | K67: 232005 | N67: =ROUNDDOWN(M67*$I67,0) -> 0 | P67: =ROUNDDOWN(O67*$I67,0) -> 0 | U67: 0 | V67: 0 | Z67: 5 | AA67: ค่าใช้จ่ายพิเศษ งานก่อสร้าง
B68: 31 | C68: ราวกันตกสะพานชมวิว แบบที่ 2 | D68: 166.00 | E68: ม. | F68: 2,675.00 | G68: =ROUNDDOWN(F68*D68,0) -> 444050 | H68: 1.1908 | I68: =H68*F68 -> 3185.39 | J68: =IF(G68="-","-",IF(D68>0,ROUNDDOWN(I68*D68,0),"")) -> 528774 | K68: 528774 | N68: =ROUNDDOWN(M68*$I68,0) -> 0 | P68: =ROUNDDOWN(O68*$I68,0) -> 0 | U68: 0 | V68: 0 | Z68: 5.1 | AA68: ค่าใช้จ่ายพิเศษ งานก่อสร้าง | AB68: 574191
B69: 32 | C69: งานดินเดิมถมกลับ | D69: 763.00 | E69: ลบ.ม. | F69: 25.22 | G69: =ROUNDDOWN(F69*D69,0) -> 19242 | H69: 1.1596 | I69: =H69*F69 -> 29.245112 | J69: =IF(G69="-","-",IF(D69>0,ROUNDDOWN(I69*D69,0),"")) -> 22314 | K69: 22317 | N69: =ROUNDDOWN(M69*$I69,0) -> 0 | P69: =ROUNDDOWN(O69*$I69,0) -> 0 | U69: 0 | V69: 0 | Z69: รวมค่างานก่อสร้างทั้งสิ้น | AB69: =SUM(AB15,AB20,AB26,AB30,AB34,AB38,AB42,AB46,AB47,AB48,AB49,AB50,AB52,AB53,AB55,AB56,AB57,AB58,AB59,AB60,AB61,AB62,AB63,AB64,AB66,AB68) -> 238498109 | AC69: =SUM(AC66+AC64+AC63+AC62+AC61+AC60+AC59+AC58+AC57+AC56+AC55+AC53+AC52+AC50+AC49+AC48+AC47+AC46+AC42+AC38+AC34+AC30+AC26+AC20+AC15) -> 55199664 | AD69: =AC69/AB69 -> 0.23144697
B70: 33 | C70: หินทิ้ง | D70: 680.00 | E70: ลบ.ม. | F70: 746.00 | G70: =ROUNDDOWN(F70*D70,0) -> 507280 | H70: 1.1596 | I70: =H70*F70 -> 865.0616 | J70: =IF(G70="-","-",IF(D70>0,ROUNDDOWN(I70*D70,0),"")) -> 588241 | K70: 588240 | N70: =ROUNDDOWN(M70*$I70,0) -> 0 | P70: =ROUNDDOWN(O70*$I70,0) -> 0 | U70: 0 | V70: 0
B71: 34 | C71: คาน ค.ส.ล.. B1 | D71: 359 | E71: ม. | F71: 2,777.00 | G71: =ROUNDDOWN(F71*D71,0) -> 996943 | H71: 1.1409 | I71: =H71*F71 -> 3168.2793 | J71: =IF(G71="-","-",IF(D71>0,ROUNDDOWN(I71*D71,0),"")) -> 1137412 | K71: 1136018 | N71: =ROUNDDOWN(M71*$I71,0) -> 0 | P71: =ROUNDDOWN(O71*$I71,0) -> 0 | U71: 0 | V71: 0
B72: 35 | C72: งานระบายน้ำหลังเขื่อน | J72: =IF(G72="-","-",IF(D72>0,ROUNDDOWN(I72*D72,0),"")) | U72: 0 | V72: 0
